Rk,Player,Pos,Age,Tm,G,MP,PER,TS%,3PAr,FTr,ORB%,DRB%,TRB%,AST%,STL%,BLK%,TOV%,USG%,OWS,DWS,WS,WS/48,OBPM,DBPM,BPM,VORP
1,Precious Achiuwa,C,23,TOR,12,245,14.1,.493,.304,.359,10.3,29.8,19.3,9.4,0.4,2.9,12.3,20.8,0.1,0.3,0.3,.067,-1.9,-1.8,-3.8,-0.1
2,Steven Adams,C,29,MEM,18,474,15.3,.566,.000,.516,19.0,25.1,22.0,10.9,1.4,3.3,27.4,13.9,0.2,0.7,0.9,.087,-1.9,0.1,-1.8,0.0
3,Bam Adebayo,C,25,MIA,18,623,18.9,.583,.030,.362,8.4,23.5,15.7,17.0,1.5,2.4,15.4,25.6,0.6,0.9,1.6,.120,-0.3,0.7,0.4,0.4
4,Ochai Agbaji,SG,22,UTA,6,67,6.6,.453,.316,.368,6.6,9.9,8.2,2.0,0.0,0.0,0.0,13.8,0.0,0.0,0.0,.023,-4.6,-3.7,-8.3,-0.1
5,Santi Aldama,PF,22,MEM,18,473,14.1,.550,.476,.221,6.6,17.2,11.9,5.1,1.8,3.5,5.9,14.7,0.6,0.6,1.2,.127,-0.6,1.0,0.4,0.3
6,Nickeil Alexander-Walker,SG,24,UTA,12,125,10.9,.511,.535,.209,2.6,8.0,5.3,18.0,3.1,2.6,17.6,19.1,0.0,0.1,0.1,.045,-2.7,0.3,-2.3,0.0
7,Grayson Allen,SG,27,MIL,16,424,13.5,.624,.626,.357,4.0,9.0,6.6,13.1,1.5,0.8,14.2,15.3,0.7,0.6,1.3,.147,0.0,0.8,0.8,0.3
8,Jarrett Allen,C,24,CLE,17,544,18.2,.626,.013,.325,11.2,28.0,19.9,6.1,0.8,3.6,13.7,17.2,1.0,0.9,1.9,.170,0.7,0.9,1.6,0.5
9,Jose Alvarado,PG,24,NOP,19,379,14.1,.577,.515,.108,2.4,11.3,6.8,21.9,2.5,1.0,16.0,18.2,0.4,0.5,0.9,.108,-0.7,0.9,0.2,0.2
10,Kyle Anderson,PF,29,MIN,14,281,14.9,.614,.258,.355,3.2,15.4,9.6,17.3,2.3,3.8,17.3,13.0,0.4,0.4,0.8,.133,0.1,2.5,2.6,0.3
11,Giannis Antetokounmpo,PF,28,MIL,15,492,28.3,.573,.143,.590,6.1,30.1,18.3,34.4,1.4,2.7,12.3,39.3,0.9,1.1,2.0,.191,5.5,3.0,8.4,1.3
12,Thanasis Antetokounmpo,SF,30,MIL,9,24,3.3,.000,.000,.000,8.9,25.9,17.6,9.9,0.0,3.5,66.7,5.2,0.0,0.0,0.0,.002,-7.2,1.4,-5.9,0.0
13,Cole Anthony,PG,22,ORL,4,122,14.1,.520,.377,.283,2.9,14.2,8.8,21.9,1.2,2.3,11.8,24.0,0.1,0.1,0.2,.066,-0.1,0.0,-0.1,0.1
14,OG Anunoby,SF,25,TOR,19,695,16.2,.560,.314,.245,4.4,15.8,9.6,9.3,3.3,2.7,14.2,22.6,0.3,1.0,1.3,.089,-0.4,0.9,0.5,0.4
15,Ryan Arcidiacono,PG,28,NYK,5,14,1.8,.000,.667,.000,0.0,15.2,7.5,8.4,6.8,0.0,0.0,8.9,-0.1,0.0,0.0,-0.081,-11.6,6.2,-5.4,0.0
16,Deni Avdija,SF,22,WAS,19,462,9.7,.500,.395,.248,4.8,18.4,11.7,14.3,1.2,2.8,17.3,16.4,-0.2,0.6,0.4,.046,-3.9,0.7,-3.2,-0.1
17,Deandre Ayton,C,24,PHO,17,491,21.1,.622,.054,.212,12.0,25.2,18.5,11.8,1.0,2.4,12.6,22.1,1.1,0.7,1.8,.176,2.0,0.0,2.1,0.5
18,Udoka Azubuike,C,23,UTA,6,21,29.7,.833,.000,.000,15.7,36.8,26.2,7.4,4.6,7.7,25.0,15.9,0.0,0.1,0.1,.234,4.3,3.9,8.2,0.1
19,Marvin Bagley III,PF,23,DET,8,188,19.8,.634,.114,.186,11.0,16.1,13.5,3.6,1.5,2.8,8.5,18.5,0.4,0.1,0.5,.139,0.9,-0.8,0.1,0.1
20,Patrick Baldwin Jr.,SF,20,GSW,4,24,13.3,.500,.800,.000,0.0,27.0,13.8,0.0,5.9,0.0,9.1,19.3,0.0,0.1,0.0,.029,-1.7,2.0,0.3,0.0
Rk,Player,Pos,Age,Tm,G,MP,PER,TS%,3PAr,FTr,ORB%,DRB%,TRB%,AST%,STL%,BLK%,TOV%,USG%,OWS,DWS,WS,WS/48,OBPM,DBPM,BPM,VORP
21,LaMelo Ball,PG,21,CHO,3,98,13.9,.525,.604,.094,0.0,12.4,6.0,35.0,1.5,0.9,16.6,28.2,0.0,0.1,0.1,.027,0.4,-3.1,-2.7,0.0
22,Mo Bamba,C,24,ORL,18,344,15.6,.590,.457,.267,7.6,19.8,14.0,9.8,0.7,3.9,11.0,18.3,0.5,0.3,0.9,.120,0.2,0.0,0.2,0.2
23,Paolo Banchero,PF,20,ORL,12,417,18.7,.556,.224,.498,3.1,21.8,12.9,17.4,1.1,2.3,12.9,29.8,0.3,0.4,0.7,.086,1.0,-0.8,0.2,0.2
24,Desmond Bane,SG,24,MEM,12,403,21.5,.622,.479,.268,1.6,14.1,7.8,22.2,0.8,0.7,10.2,27.1,1.3,0.3,1.6,.186,5.5,-0.7,4.7,0.7
25,Dalano Banton,PG,23,TOR,15,168,18.2,.539,.451,.195,4.4,9.4,6.7,16.0,2.6,6.1,10.1,24.7,0.2,0.2,0.4,.117,1.4,0.9,2.3,0.2
26,Dominick Barlow,SF,19,SAS,3,22,15.3,.515,.500,.667,9.5,5.5,7.6,17.4,2.1,0.0,0.0,14.6,0.1,0.0,0.1,.151,-0.4,-0.3,-0.7,0.0
27,Harrison Barnes,PF,30,SAC,18,556,14.2,.615,.381,.542,4.5,16.9,10.8,8.4,1.1,0.5,10.3,16.4,1.0,0.4,1.3,.116,0.0,-1.0,-0.9,0.2
28,Scottie Barnes,PF,21,TOR,16,536,15.4,.507,.283,.123,6.1,17.5,11.3,23.4,1.4,2.5,13.5,20.9,0.3,0.5,0.8,.074,1.2,-0.7,0.5,0.3
29,RJ Barrett,SG,22,NYK,19,658,11.0,.491,.340,.314,2.8,13.6,8.1,13.0,0.7,0.3,11.0,25.2,-0.3,0.3,0.0,-0.001,-2.1,-2.4,-4.4,-0.4
30,Will Barton,SG,32,WAS,19,424,9.7,.474,.464,.124,1.6,14.0,7.9,16.7,1.2,1.2,11.5,18.9,-0.3,0.5,0.2,.023,-2.6,-0.4,-3.0,-0.1
31,Charles Bassey,C,22,SAS,12,173,17.1,.657,.146,.341,13.3,32.1,22.0,15.2,1.4,5.9,27.6,15.6,0.1,0.2,0.3,.091,-2.0,1.3,-0.7,0.1
32,Keita Bates-Diop,SF,27,SAS,19,306,15.4,.583,.229,.248,8.2,12.2,10.1,6.6,2.0,0.8,11.0,18.3,0.3,0.1,0.4,.068,0.0,-2.0,-2.0,0.0
33,Nicolas Batum,PF,34,LAC,20,365,9.9,.559,.740,.178,4.6,18.2,11.9,9.4,1.5,3.7,16.9,11.6,0.1,0.6,0.7,.092,-2.6,2.2,-0.4,0.1
34,Darius Bazley,PF,22,OKC,15,246,15.8,.507,.300,.275,7.9,18.7,13.1,9.8,1.7,7.5,9.1,16.7,0.1,0.3,0.5,.094,-0.5,1.3,0.8,0.2
35,Bradley Beal,SG,29,WAS,13,480,20.2,.617,.303,.226,2.3,8.6,5.5,26.0,1.6,2.0,13.5,25.7,0.9,0.5,1.4,.141,3.3,-0.3,3.1,0.6
36,Malik Beasley,SG,26,UTA,22,583,15.4,.591,.686,.078,2.8,14.0,8.4,7.7,1.8,0.6,7.4,20.4,0.8,0.4,1.3,.103,2.3,-1.0,1.3,0.5
37,MarJon Beauchamp,SF,22,MIL,14,230,6.4,.479,.526,.128,6.5,13.5,10.1,3.7,1.5,0.7,17.1,18.1,-0.3,0.3,0.0,.006,-6.1,-0.6,-6.7,-0.3
38,Dāvis Bertāns,PF,30,DAL,4,27,14.4,.583,.667,.067,4.4,9.0,6.7,19.6,0.0,0.0,6.1,27.8,0.1,0.0,0.1,.134,0.9,-0.5,0.4,0.0
39,Patrick Beverley,PG,34,LAL,14,383,5.3,.406,.656,.266,2.5,12.2,7.5,13.0,1.5,1.3,16.4,9.4,-0.2,0.4,0.2,.024,-5.6,1.5,-4.1,-0.2
40,Saddiq Bey,SF,23,DET,17,527,13.5,.560,.487,.382,3.9,13.0,8.3,7.8,1.3,0.5,9.7,19.7,0.6,0.1,0.7,.063,-0.1,-1.5,-1.6,0.1
Rk,Player,Pos,Age,Tm,G,MP,PER,TS%,3PAr,FTr,ORB%,DRB%,TRB%,AST%,STL%,BLK%,TOV%,USG%,OWS,DWS,WS,WS/48,OBPM,DBPM,BPM,VORP
41,Khem Birch,C,30,TOR,9,72,12.1,.706,.071,.143,5.8,10.1,7.8,5.8,2.7,1.4,11.8,9.8,0.1,0.1,0.2,.141,-3.7,1.8,-1.9,0.0
42,Goga Bitadze,C,23,IND,11,127,13.3,.511,.273,.424,12.2,15.0,13.6,14.0,2.2,5.7,17.0,15.3,0.1,0.2,0.2,.092,-3.5,1.7,-1.8,0.0
43,Bismack Biyombo,C,30,PHO,15,194,11.7,.505,.000,.425,8.0,23.6,15.7,8.6,1.3,11.1,25.2,14.0,-0.2,0.4,0.2,.061,-5.4,3.7,-1.8,0.0
44,Buddy Boeheim,PG,23,DET,1,1,0.0,,,,0.0,0.0,0.0,0.0,0.0,0.0,,0.0,0.0,0.0,0.0,-0.027,-7.9,-2.5,-10.5,0.0
45,Bojan Bogdanović,PF,33,DET,21,674,17.4,.633,.418,.343,1.8,11.8,6.6,13.1,0.6,0.0,12.1,24.2,1.4,0.0,1.4,.096,2.7,-2.1,0.6,0.4
46,Bol Bol,PF,23,ORL,19,498,19.7,.667,.209,.233,7.4,27.1,17.7,4.6,0.4,7.2,16.3,19.7,0.7,0.7,1.4,.133,1.3,0.6,1.9,0.5
47,Leandro Bolmaro,SG,22,UTA,3,21,1.6,.286,.286,.000,5.2,0.0,2.6,12.1,4.6,3.8,22.2,17.9,-0.1,0.0,-0.1,-0.131,-10.5,-0.1,-10.5,0.0
48,Devin Booker,SG,26,PHO,19,696,21.7,.574,.310,.316,3.2,13.0,8.0,25.5,1.2,1.3,9.5,30.4,1.8,0.7,2.5,.175,4.7,-0.5,4.2,1.1
49,Brandon Boston Jr.,SG,21,LAC,5,16,21.7,.597,.300,.200,7.6,6.6,7.0,0.0,0.0,0.0,0.0,30.4,0.0,0.0,0.0,.122,5.6,-1.4,4.1,0.0
50,Chris Boucher,PF,30,TOR,15,357,20.1,.574,.343,.413,12.0,21.5,16.4,3.9,1.9,3.7,7.7,21.5,0.8,0.5,1.2,.166,1.2,-1.1,0.2,0.2
51,James Bouknight,SG,22,CHO,18,303,5.3,.433,.528,.151,1.4,12.8,6.9,11.5,1.1,1.2,13.7,18.0,-0.5,0.3,-0.2,-0.036,-6.0,-0.8,-6.8,-0.4
52,Tony Bradley,C,25,CHI,5,12,22.1,.868,1.000,1.000,9.2,47.8,28.1,0.0,0.0,0.0,0.0,10.3,0.1,0.0,0.1,.296,7.4,-1.8,5.6,0.0
53,Malaki Branham,SF,19,SAS,8,124,4.7,.435,.610,.146,1.7,10.7,5.9,12.6,0.4,0.0,13.8,16.9,-0.2,0.0,-0.2,-0.068,-4.6,-3.4,-8.0,-0.2
54,Christian Braun,SG,21,DEN,18,256,8.8,.494,.345,.236,5.8,13.0,9.4,7.4,1.5,1.1,9.0,11.2,0.1,0.2,0.3,.053,-2.9,-0.4,-3.3,-0.1
55,Mikal Bridges,SF,26,PHO,19,705,16.9,.642,.291,.205,3.1,12.8,7.9,12.5,1.5,2.3,8.1,15.8,1.7,0.8,2.5,.172,2.0,1.0,3.0,0.9
56,Oshae Brissett,SF,24,IND,13,183,10.7,.572,.654,.250,4.8,12.2,8.5,3.0,2.1,0.0,8.0,14.2,0.1,0.1,0.3,.076,-1.0,0.0,-1.0,0.0
57,Malcolm Brogdon,PG,30,BOS,15,340,18.7,.590,.371,.278,4.7,13.5,9.2,24.3,1.3,1.0,13.3,25.4,0.6,0.3,0.9,.132,2.6,-0.5,2.1,0.3
58,Dillon Brooks,SG,27,MEM,16,488,12.3,.492,.393,.160,3.0,9.2,6.1,13.2,1.4,0.4,7.3,25.5,0.1,0.3,0.5,.047,-1.8,-1.2,-3.0,-0.1
59,Bruce Brown,PG,26,DEN,19,549,14.1,.558,.348,.107,4.2,13.8,9.0,22.6,1.7,1.7,15.8,17.4,0.6,0.4,1.0,.088,-0.2,0.0,-0.2,0.2
60,Greg Brown III,PF,21,POR,4,22,13.9,.543,.000,.714,0.0,5.2,2.6,0.0,6.8,8.4,17.9,22.3,-0.1,0.1,0.0,-0.030,-5.5,5.1,-0.4,0.0
Rk,Player,Pos,Age,Tm,G,MP,PER,TS%,3PAr,FTr,ORB%,DRB%,TRB%,AST%,STL%,BLK%,TOV%,USG%,OWS,DWS,WS,WS/48,OBPM,DBPM,BPM,VORP
61,Jaylen Brown,SF,26,BOS,18,639,19.3,.599,.341,.251,2.7,17.8,10.5,16.2,1.5,0.8,13.1,30.6,0.6,0.7,1.3,.095,1.3,-0.8,0.4,0.4
62,Kendall Brown,SG,19,IND,1,2,60.7,1.000,.000,.000,0.0,0.0,0.0,0.0,23.7,0.0,0.0,20.7,0.0,0.0,0.0,.586,21.2,35.2,56.4,0.0
63,Moses Brown,C,23,LAC,12,65,28.1,.669,.000,.920,16.8,24.3,20.8,0.0,0.0,5.5,2.8,24.8,0.2,0.1,0.4,.259,2.0,-0.3,1.7,0.1
64,Troy Brown Jr.,SF,23,LAL,16,416,8.9,.547,.465,.096,3.4,14.9,9.3,5.3,1.3,0.0,11.9,13.7,0.0,0.4,0.4,.049,-3.3,0.1,-3.2,-0.1
65,Jalen Brunson,PG,26,NYK,19,628,21.6,.596,.275,.326,1.3,10.0,5.6,31.9,1.6,0.4,8.6,24.7,2.0,0.4,2.4,.180,3.9,-0.1,3.7,0.9
66,Thomas Bryant,C,25,LAL,4,65,25.0,.778,.050,.650,3.3,29.7,16.9,5.1,0.0,6.3,7.2,18.0,0.2,0.1,0.3,.249,1.6,2.0,3.6,0.1
67,Reggie Bullock,SF,31,DAL,18,518,4.6,.434,.820,.110,2.1,10.7,6.4,5.3,1.6,0.4,7.1,9.9,-0.3,0.5,0.2,.023,-4.7,0.1,-4.6,-0.3
68,Alec Burks,SG,31,DET,8,166,22.2,.625,.458,.639,1.3,10.1,5.5,13.3,2.3,0.5,8.6,29.4,0.5,0.1,0.6,.174,3.5,-0.3,3.2,0.2
69,Jimmy Butler,SF,33,MIA,13,464,24.2,.617,.176,.574,6.2,15.3,10.6,28.1,2.4,0.6,9.1,22.9,1.7,0.6,2.3,.242,4.9,1.5,6.4,1.0
70,John Butler,C,20,POR,3,13,9.4,.333,.667,.000,9.0,8.8,8.9,10.6,0.0,7.1,0.0,10.1,0.0,0.0,0.0,.040,-1.6,-0.1,-1.7,0.0
71,Jamal Cain,SF,23,MIA,7,91,15.5,.571,.214,.214,8.6,15.6,12.0,8.8,2.7,0.0,6.1,15.7,0.1,0.1,0.3,.141,-1.7,1.6,-0.2,0.0
72,Kentavious Caldwell-Pope,SG,29,DEN,18,577,12.2,.626,.541,.191,2.0,10.2,6.1,9.4,1.9,1.1,12.4,14.5,0.6,0.4,1.0,.087,-0.7,-0.5,-1.2,0.1
73,Facundo Campazzo,PG,31,DAL,7,49,6.3,.272,.833,.167,0.0,4.9,2.5,24.5,6.2,0.0,18.9,14.8,-0.1,0.1,0.0,-0.036,-6.4,3.9,-2.5,0.0
74,Vlatko Čančar,PF,25,DEN,11,119,13.3,.597,.512,.163,1.0,11.6,6.3,10.5,1.6,3.1,11.5,18.9,0.1,0.1,0.2,.083,-0.4,-0.4,-0.8,0.0
75,Clint Capela,C,28,ATL,18,491,21.0,.608,.000,.207,16.1,30.3,23.1,4.3,1.1,5.1,9.4,15.3,1.1,0.8,1.9,.189,1.6,0.4,2.0,0.5
76,Vernon Carey Jr.,C,21,WAS,2,2,-7.9,,,,0.0,0.0,0.0,0.0,0.0,0.0,,0.0,0.0,0.0,0.0,.017,-15.3,-1.0,-16.3,0.0
77,Jevon Carter,PG,27,MIL,18,487,12.2,.558,.507,.092,2.6,7.9,5.3,17.6,2.7,2.1,14.5,14.8,0.4,0.9,1.2,.123,-2.0,2.7,0.7,0.3
78,Wendell Carter Jr.,C,23,ORL,15,493,17.6,.624,.308,.408,7.7,22.8,15.6,15.5,0.8,1.5,16.4,20.9,0.9,0.4,1.3,.131,1.0,0.0,1.0,0.4
79,Alex Caruso,PG,28,CHI,19,488,10.5,.562,.573,.268,2.0,10.3,6.1,18.6,2.8,2.8,24.0,10.6,0.2,0.7,0.9,.084,-2.3,3.1,0.8,0.3
80,Julian Champagnie,SF,21,PHI,1,1,-39.4,.000,.000,.000,0.0,0.0,0.0,0.0,0.0,0.0,0.0,44.7,0.0,0.0,0.0,-1.089,-25.8,-13.4,-39.2,0.0
Rk,Player,Pos,Age,Tm,G,MP,PER,TS%,3PAr,FTr,ORB%,DRB%,TRB%,AST%,STL%,BLK%,TOV%,USG%,OWS,DWS,WS,WS/48,OBPM,DBPM,BPM,VORP
81,Justin Champagnie,SF,21,TOR,2,9,31.5,1.000,.000,.000,11.6,27.1,18.8,0.0,0.0,0.0,0.0,14.0,0.0,0.0,0.1,.297,7.3,0.3,7.6,0.0
82,Kennedy Chandler,PG,20,MEM,8,79,6.2,.332,.259,.259,2.7,10.9,6.7,25.9,2.4,2.3,18.9,19.3,-0.2,0.1,-0.1,-0.070,-5.8,-0.4,-6.1,-0.1
83,Max Christie,SG,19,LAL,9,93,10.9,.666,.647,.235,1.2,21.8,11.8,5.6,1.5,0.0,9.6,9.4,0.1,0.1,0.2,.114,-1.4,0.7,-0.7,0.0
84,Josh Christopher,SG,21,HOU,14,101,4.8,.440,.350,.050,5.3,13.8,9.6,10.6,1.4,0.0,19.7,20.6,-0.2,0.1,-0.2,-0.084,-6.7,-2.3,-9.0,-0.2
85,Brandon Clarke,PF,26,MEM,19,364,17.5,.646,.052,.357,5.8,19.8,12.7,10.4,0.7,4.5,13.6,17.4,0.7,0.4,1.1,.148,-0.6,1.4,0.8,0.3
86,Jordan Clarkson,SG,30,UTA,22,700,15.9,.556,.479,.176,4.4,9.2,6.8,22.5,0.5,1.0,12.7,26.3,0.9,0.2,1.1,.075,2.4,-2.6,-0.2,0.3
87,Nic Claxton,C,23,BRK,19,507,20.8,.705,.007,.319,11.3,23.8,17.9,7.3,1.3,7.1,15.1,16.4,1.1,0.8,1.9,.175,0.5,1.0,1.5,0.5
88,Amir Coffey,SG,25,LAC,17,208,9.9,.561,.238,.667,5.2,5.6,5.4,11.9,0.9,0.4,11.4,13.2,0.3,0.2,0.4,.101,-3.5,-0.1,-3.6,-0.1
89,John Collins,PF,25,ATL,19,607,12.3,.565,.346,.258,4.1,19.7,11.8,5.0,1.2,3.5,12.9,16.0,0.3,0.8,1.1,.083,-2.5,0.8,-1.7,0.1
90,Zach Collins,PF,25,SAS,11,199,17.4,.600,.338,.155,9.5,23.7,16.1,19.7,1.9,6.0,20.9,19.9,0.1,0.2,0.3,.082,-1.5,1.5,0.0,0.1
91,Mike Conley,PG,35,UTA,17,497,15.0,.534,.561,.230,1.5,7.6,4.5,35.2,1.9,0.8,13.3,15.8,1.1,0.3,1.4,.131,1.4,-0.2,1.1,0.4
92,Pat Connaughton,SG,30,MIL,2,30,11.8,.421,.818,.182,0.0,17.3,8.8,9.0,4.8,0.0,0.0,16.6,0.0,0.1,0.1,.108,-3.3,3.4,0.1,0.0
93,Robert Covington,PF,32,LAC,12,172,9.5,.547,.675,.375,1.4,25.8,14.4,9.5,0.9,4.2,17.7,14.7,0.0,0.3,0.3,.075,-3.6,2.0,-1.6,0.0
94,Torrey Craig,SF,32,PHO,19,435,13.9,.593,.535,.114,8.7,15.8,12.2,8.2,1.5,3.3,10.5,13.1,0.7,0.6,1.3,.140,0.2,0.7,0.9,0.3
95,Jarrett Culver,SG,23,ATL,2,3,7.4,.266,.000,2.000,34.8,0.0,17.7,0.0,0.0,0.0,0.0,26.1,0.0,0.0,0.0,-0.101,-2.2,-6.0,-8.1,0.0
96,Cade Cunningham,PG,21,DET,12,400,15.0,.492,.272,.192,3.1,17.4,10.0,31.4,1.2,1.5,13.8,29.6,-0.2,0.2,-0.1,-0.007,0.3,-1.2,-0.8,0.1
97,Seth Curry,SG,32,BRK,10,225,12.2,.558,.573,.110,1.6,8.6,5.3,16.5,1.1,1.6,10.4,19.1,0.1,0.1,0.3,.057,-0.9,-1.5,-2.4,0.0
98,Stephen Curry,PG,34,GSW,18,624,29.7,.691,.567,.253,1.8,18.7,10.5,35.5,1.6,0.6,10.4,31.1,3.0,0.6,3.5,.272,10.4,1.2,11.6,2.1
99,Dyson Daniels,PG,19,NOP,11,168,13.2,.601,.368,.316,3.3,22.2,12.7,14.5,2.0,2.8,15.6,13.0,0.2,0.3,0.5,.132,-1.6,2.1,0.5,0.1
100,Anthony Davis,C,29,LAL,16,549,29.7,.634,.068,.430,10.9,27.6,19.5,13.0,2.2,5.2,9.3,28.1,1.8,1.1,2.9,.258,4.8,2.2,7.0,1.2
Rk,Player,Pos,Age,Tm,G,MP,PER,TS%,3PAr,FTr,ORB%,DRB%,TRB%,AST%,STL%,BLK%,TOV%,USG%,OWS,DWS,WS,WS/48,OBPM,DBPM,BPM,VORP
101,Johnny Davis,SG,20,WAS,7,41,0.0,.338,.125,.250,2.7,10.4,6.6,6.2,0.0,2.1,10.1,10.6,-0.1,0.0,0.0,-0.029,-10.1,-1.0,-11.2,-0.1
102,Terence Davis,SG,25,SAC,17,216,17.0,.608,.651,.163,3.9,20.4,12.3,15.8,2.8,1.2,11.5,20.6,0.3,0.3,0.6,.133,0.8,1.2,2.0,0.2
103,JD Davison,PG,20,BOS,3,8,0.3,.250,.500,.000,0.0,13.7,7.0,16.8,6.1,0.0,20.0,27.7,-0.1,0.0,0.0,-0.289,-13.0,-0.1,-13.0,0.0
104,Dewayne Dedmon,C,33,MIA,17,212,20.4,.650,.259,.383,8.4,22.3,15.1,9.8,0.7,3.8,9.6,21.7,0.6,0.3,0.8,.191,1.6,0.5,2.1,0.2
105,Matthew Dellavedova,PG,32,SAC,7,45,7.5,.437,.364,.091,2.7,5.1,3.9,27.9,2.1,0.0,20.8,13.7,0.0,0.0,0.0,.021,-3.9,-0.5,-4.3,0.0
106,DeMar DeRozan,SF,33,CHI,19,662,22.6,.607,.087,.433,1.2,12.5,6.7,22.3,1.4,1.1,8.9,29.1,1.8,0.6,2.5,.181,2.9,0.3,3.2,0.9
107,Moussa Diabaté,PF,21,LAC,2,6,38.1,1.042,.000,1.000,0.0,35.2,18.8,25.7,8.2,0.0,0.0,10.7,0.0,0.0,0.1,.531,7.8,11.9,19.7,0.0
108,Mamadi Diakite,PF,26,CLE,6,22,20.0,.778,.444,.000,0.0,15.6,8.1,0.0,2.3,0.0,10.0,20.1,0.0,0.0,0.1,.167,2.9,1.3,4.2,0.0
109,Hamidou Diallo,SG,24,DET,21,324,11.5,.520,.101,.413,6.7,14.5,10.5,8.1,1.8,1.1,12.9,19.2,0.0,0.1,0.2,.024,-3.7,-0.7,-4.3,-0.2
110,Gorgui Dieng,C,33,SAS,10,103,13.9,.563,.719,.125,9.2,21.1,14.7,23.7,0.5,4.2,19.2,16.7,0.1,0.0,0.2,.074,-1.0,0.8,-0.2,0.0
111,Ousmane Dieng,SF,19,OKC,10,156,5.4,.367,.650,.050,2.6,13.3,7.8,13.3,0.3,1.1,8.9,12.0,-0.1,0.1,-0.1,-0.020,-4.1,-1.6,-5.7,-0.1
112,Spencer Dinwiddie,PG,29,DAL,18,586,17.6,.598,.525,.147,1.0,10.5,5.8,26.2,1.7,0.5,10.6,22.1,1.2,0.6,1.8,.144,2.6,-0.2,2.4,0.6
113,Donte DiVincenzo,SG,26,GSW,12,200,6.8,.509,.717,.152,1.7,13.5,7.8,15.6,2.1,0.5,24.6,13.7,-0.2,0.2,0.0,.005,-4.5,0.6,-3.9,-0.1
114,Luka Dončić,PG,23,DAL,17,636,31.7,.607,.338,.491,3.0,25.7,14.3,45.1,2.5,1.3,10.9,37.7,2.5,1.1,3.6,.273,8.2,2.8,11.1,2.1
115,Tyler Dorsey,SG,26,DAL,1,4,106.4,1.125,.250,.000,30.0,30.2,30.1,0.0,0.0,0.0,0.0,45.6,0.1,0.0,0.1,1.796,42.8,9.5,52.3,0.1
116,Luguentz Dort,SG,23,OKC,20,605,12.6,.513,.445,.277,5.2,11.2,8.1,9.4,2.0,0.9,7.6,19.9,0.4,0.5,0.8,.067,-2.1,-1.1,-3.1,-0.2
117,Ayo Dosunmu,PG,23,CHI,18,531,11.2,.589,.386,.095,1.7,11.7,6.6,14.5,1.3,1.5,15.4,15.7,0.3,0.5,0.8,.070,-2.2,0.5,-1.7,0.0
118,Jeff Dowtin,PG,25,TOR,6,60,14.8,.573,.235,.059,7.0,12.2,9.4,19.3,0.0,1.7,5.4,12.9,0.1,0.0,0.2,.136,0.5,-0.2,0.3,0.0
119,Goran Dragić,PG,36,CHI,18,325,12.8,.535,.389,.160,2.7,7.8,5.2,27.8,0.7,0.8,14.6,21.7,0.2,0.2,0.4,.056,0.1,-1.4,-1.3,0.1
120,Andre Drummond,C,29,CHI,13,200,20.7,.571,.027,.315,21.4,41.3,31.1,8.4,1.7,2.3,17.8,21.7,0.3,0.4,0.6,.151,-0.6,-0.8,-1.3,0.0
Rk,Player,Pos,Age,Tm,G,MP,PER,TS%,3PAr,FTr,ORB%,DRB%,TRB%,AST%,STL%,BLK%,TOV%,USG%,OWS,DWS,WS,WS/48,OBPM,DBPM,BPM,VORP
121,Chris Duarte,SF,25,IND,9,177,8.8,.524,.535,.169,2.5,9.5,6.0,7.3,0.3,2.1,9.5,19.7,0.0,0.1,0.1,.019,-2.2,-2.5,-4.7,-0.1
122,David Duke Jr.,SG,23,BRK,13,101,5.8,.476,.114,.114,4.7,8.5,6.7,12.8,1.9,0.9,19.7,20.3,-0.2,0.1,-0.1,-0.052,-8.1,-1.5,-9.6,-0.2
123,Kevin Durant,PF,34,BRK,20,732,25.6,.644,.244,.430,1.3,18.4,10.3,25.5,0.9,4.4,13.0,31.9,2.1,0.8,2.9,.189,5.4,0.5,5.9,1.5
124,Jalen Duren,C,19,DET,18,395,14.5,.577,.012,.430,14.5,21.6,17.9,3.4,1.1,4.0,15.0,12.8,0.4,0.3,0.7,.087,-1.8,-1.0,-2.8,-0.1
125,Tari Eason,PF,21,HOU,19,348,17.1,.504,.250,.182,12.7,18.5,15.6,7.7,3.8,2.2,9.6,20.8,0.3,0.5,0.8,.107,-0.5,0.8,0.3,0.2
126,Anthony Edwards,SG,21,MIN,19,690,14.5,.560,.432,.229,1.5,15.3,8.7,16.3,1.6,0.8,13.6,26.5,0.0,0.8,0.8,.055,-0.6,-0.8,-1.4,0.1
127,Kessler Edwards,SF,22,BRK,11,38,6.4,.349,.583,.167,6.3,8.5,7.4,6.8,2.6,2.3,7.2,16.3,-0.1,0.0,0.0,-0.048,-4.0,-2.4,-6.4,0.0
128,Keon Ellis,SG,23,SAC,1,2,-7.7,,,,0.0,0.0,0.0,0.0,0.0,0.0,,0.0,0.0,0.0,0.0,.002,-17.1,-0.1,-17.2,0.0
129,Joel Embiid,C,28,PHI,12,425,28.9,.632,.198,.603,4.9,27.9,16.4,25.3,1.2,4.5,14.8,37.8,1.1,0.8,1.9,.213,5.3,2.5,7.8,1.1
130,Drew Eubanks,C,25,POR,18,331,16.9,.751,.000,.435,10.2,16.5,13.4,6.4,1.2,5.3,16.9,11.8,0.8,0.4,1.2,.169,-0.4,1.6,1.2,0.3
131,Bruno Fernando,C,24,HOU,3,53,21.9,.705,.000,.364,14.3,18.3,16.3,25.8,0.9,5.3,13.6,11.4,0.2,0.0,0.2,.219,3.0,2.7,5.7,0.1
132,Dorian Finney-Smith,PF,29,DAL,18,599,8.8,.543,.685,.112,4.0,10.7,7.3,3.6,1.5,1.7,11.2,12.9,0.0,0.6,0.7,.054,-1.8,-0.2,-2.0,0.0
133,Malachi Flynn,PG,24,TOR,12,159,14.1,.579,.500,.167,1.3,12.3,6.4,15.1,1.9,0.6,10.1,20.8,0.2,0.1,0.4,.114,-0.8,-0.2,-1.0,0.0
134,Simone Fontecchio,SF,27,UTA,12,89,11.2,.536,.730,.189,4.9,12.4,8.7,4.6,1.1,2.7,11.1,21.2,0.0,0.1,0.1,.035,-0.6,-2.3,-2.9,0.0
135,Bryn Forbes,SG,29,MIN,9,91,7.2,.397,.516,.129,3.8,2.3,3.0,11.3,3.6,0.0,8.4,16.6,-0.1,0.1,0.0,.000,-5.2,1.0,-4.3,-0.1
136,Trent Forrest,PG,24,ATL,5,19,2.5,.000,.000,.000,0.0,11.4,5.6,29.4,0.0,0.0,0.0,6.6,0.0,0.0,0.0,-0.039,-6.5,-1.7,-8.2,0.0
137,Michael Foster Jr.,PF,20,PHI,1,1,0.0,,,,0.0,0.0,0.0,0.0,0.0,0.0,,0.0,0.0,0.0,0.0,.018,-7.6,-2.0,-9.6,0.0
138,Evan Fournier,SG,30,NYK,13,260,6.9,.474,.633,.122,0.8,10.2,5.5,11.5,1.7,1.1,12.9,17.4,-0.2,0.2,0.0,-0.007,-3.7,-0.3,-4.0,-0.1
139,De'Aaron Fox,PG,25,SAC,17,549,24.0,.628,.303,.297,2.0,15.8,9.0,31.5,1.7,0.9,11.7,29.9,1.6,0.5,2.1,.181,5.0,0.0,5.0,1.0
140,Wenyen Gabriel,PF,25,LAL,16,224,15.6,.706,.189,.340,6.3,17.7,12.2,7.7,1.9,2.9,16.5,13.7,0.4,0.3,0.7,.155,-1.9,1.7,-0.2,0.1
Rk,Player,Pos,Age,Tm,G,MP,PER,TS%,3PAr,FTr,ORB%,DRB%,TRB%,AST%,STL%,BLK%,TOV%,USG%,OWS,DWS,WS,WS/48,OBPM,DBPM,BPM,VORP
141,Daniel Gafford,C,24,WAS,19,242,17.4,.724,.000,.574,11.0,19.3,15.2,4.9,1.2,6.1,22.8,15.9,0.3,0.4,0.7,.148,-2.3,1.2,-1.1,0.1
142,Darius Garland,PG,23,CLE,13,465,19.5,.587,.416,.299,1.0,5.7,3.4,35.4,1.8,0.6,15.5,29.4,0.9,0.5,1.4,.147,4.6,-1.3,3.3,0.6
143,Usman Garuba,PF,20,HOU,17,279,16.5,.658,.191,.447,14.3,20.8,17.6,10.6,2.7,4.4,23.2,10.7,0.4,0.4,0.8,.140,0.1,1.7,1.8,0.3
144,Luka Garza,C,24,MIN,1,1,0.0,,,,0.0,0.0,0.0,0.0,0.0,0.0,,0.0,0.0,0.0,0.0,.003,-3.6,-2.1,-5.6,0.0
145,Rudy Gay,SF,36,UTA,12,189,7.0,.445,.586,.103,3.5,20.5,11.9,6.9,1.3,2.6,14.2,15.6,-0.2,0.2,0.0,-0.011,-4.3,0.2,-4.1,-0.1
146,Paul George,SF,32,LAC,16,549,19.1,.584,.420,.281,1.8,16.9,9.9,21.9,2.2,1.1,15.2,31.1,0.2,0.9,1.1,.099,1.7,0.9,2.7,0.7
147,Taj Gibson,PF,37,WAS,9,54,15.2,.506,.263,.211,12.3,19.6,16.0,10.7,1.8,3.2,8.8,18.5,0.1,0.1,0.1,.127,-1.7,1.4,-0.3,0.0
148,Josh Giddey,SG,20,OKC,17,518,13.3,.504,.223,.113,5.3,20.3,12.5,27.7,0.6,1.4,19.4,25.0,-0.4,0.4,0.0,-0.001,-1.2,-1.8,-3.1,-0.1
149,Shai Gilgeous-Alexander,SG,24,OKC,19,681,28.5,.618,.139,.413,2.7,11.9,7.1,29.2,2.2,3.1,10.5,32.7,2.5,0.7,3.2,.222,6.4,1.0,7.5,1.6
150,Anthony Gill,PF,30,WAS,15,198,11.3,.648,.231,.154,6.1,9.1,7.7,7.0,1.0,1.8,8.8,10.1,0.3,0.2,0.5,.126,-2.0,0.2,-1.8,0.0
151,Rudy Gobert,C,30,MIN,17,547,19.8,.677,.015,.657,13.9,28.5,21.6,4.3,1.1,4.0,12.6,15.3,1.4,0.9,2.4,.207,0.6,0.1,0.6,0.4
152,Jordan Goodwin,PG,24,WAS,12,245,16.0,.629,.345,.190,6.3,13.9,10.2,18.3,1.8,3.9,14.9,13.2,0.4,0.4,0.8,.154,0.6,2.4,3.0,0.3
153,Aaron Gordon,PF,27,DEN,16,471,22.6,.665,.275,.437,10.2,16.9,13.5,13.0,1.0,3.1,9.5,20.2,1.5,0.4,1.9,.194,4.1,-0.6,3.5,0.6
154,Eric Gordon,SG,34,HOU,16,486,12.1,.597,.535,.261,0.9,6.6,3.8,14.0,1.2,1.4,15.5,17.4,0.5,0.1,0.6,.061,-0.2,-1.2,-1.4,0.1
155,Devonte' Graham,PG,27,NOP,19,303,14.7,.636,.849,.198,0.7,9.7,5.2,17.5,1.6,1.6,9.7,14.5,0.6,0.3,1.0,.151,2.0,0.2,2.2,0.3
156,Jerami Grant,PF,28,POR,18,651,17.4,.622,.397,.476,2.5,11.4,7.0,11.0,1.1,2.4,11.1,23.1,1.2,0.6,1.8,.133,2.4,-0.4,2.0,0.7
157,A.J. Green,SG,23,MIL,4,21,5.6,.375,1.000,.000,5.1,14.8,10.0,6.0,2.3,0.0,0.0,8.0,0.0,0.0,0.0,.086,-6.3,2.6,-3.7,0.0
158,Draymond Green,PF,32,GSW,18,547,13.0,.632,.189,.236,2.3,19.8,11.2,29.8,1.5,1.8,27.8,12.4,0.7,0.6,1.3,.113,-1.3,2.1,0.8,0.4
159,Jalen Green,SG,20,HOU,19,654,15.1,.557,.442,.294,1.8,11.7,6.8,18.9,1.1,0.7,13.7,27.0,0.6,0.2,0.8,.059,1.0,-2.2,-1.1,0.1
160,JaMychal Green,PF,32,GSW,17,280,11.8,.548,.337,.140,11.8,18.1,15.0,6.3,1.8,2.6,18.0,16.7,0.0,0.3,0.3,.058,-3.7,-0.7,-4.4,-0.2
Rk,Player,Pos,Age,Tm,G,MP,PER,TS%,3PAr,FTr,ORB%,DRB%,TRB%,AST%,STL%,BLK%,TOV%,USG%,OWS,DWS,WS,WS/48,OBPM,DBPM,BPM,VORP
161,Javonte Green,SG,29,CHI,19,318,16.4,.646,.333,.321,7.6,14.4,10.9,7.1,3.0,3.7,11.9,13.6,0.5,0.5,1.1,.161,-0.1,2.7,2.6,0.4
162,Jeff Green,PF,36,DEN,16,319,11.5,.606,.225,.404,4.3,10.5,7.4,8.1,0.9,0.9,13.2,16.3,0.4,0.1,0.5,.075,-2.7,-1.4,-4.1,-0.2
163,Josh Green,SG,22,DAL,18,343,13.3,.729,.569,.508,5.6,7.8,6.7,6.9,2.4,0.3,13.1,12.2,0.8,0.4,1.1,.158,-0.7,1.1,0.4,0.2
164,AJ Griffin,SF,19,ATL,15,261,16.6,.634,.495,.069,5.2,7.0,6.1,6.6,2.5,0.3,9.6,18.4,0.4,0.3,0.7,.130,2.0,0.9,2.9,0.3
165,Blake Griffin,PF,33,BOS,7,78,10.6,.555,.421,.316,8.8,19.7,14.4,10.0,1.2,0.0,15.6,14.5,0.1,0.1,0.2,.095,-2.7,-0.5,-3.2,0.0
166,Quentin Grimes,SG,22,NYK,9,138,8.1,.503,.611,.111,3.0,10.8,6.9,15.6,0.7,2.0,13.7,13.2,0.0,0.1,0.1,.037,-2.8,-0.4,-3.2,0.0
167,Rui Hachimura,PF,24,WAS,16,376,13.0,.542,.228,.184,3.5,18.3,11.1,7.1,0.6,1.9,11.4,22.5,-0.1,0.4,0.3,.038,-2.0,-1.3,-3.2,-0.1
168,Tyrese Haliburton,PG,22,IND,18,609,23.7,.609,.472,.212,2.7,12.1,7.4,51.2,2.6,0.7,15.3,23.6,2.1,0.6,2.7,.215,6.4,0.6,6.9,1.4
169,Jordan Hall,SF,21,SAS,9,83,5.8,.438,.536,.321,3.8,13.1,8.1,17.3,0.6,0.0,18.0,19.4,-0.1,0.0,-0.1,-0.072,-4.5,-3.4,-7.9,-0.1
170,R.J. Hampton,PG,21,ORL,16,264,14.5,.607,.447,.282,3.1,7.4,5.4,13.1,2.4,1.4,14.3,18.3,0.3,0.2,0.5,.100,-0.3,0.7,0.4,0.2
171,Tim Hardaway Jr.,SG,30,DAL,17,406,9.9,.464,.646,.217,0.9,10.1,5.5,13.6,1.6,0.7,8.1,23.5,-0.4,0.4,0.0,.005,-2.1,-1.2,-3.3,-0.1
172,James Harden,SG,33,PHI,9,331,23.3,.591,.420,.392,1.7,20.2,11.0,44.1,1.5,1.7,13.4,26.2,1.0,0.5,1.5,.213,5.1,0.8,5.9,0.7
173,Jaden Hardy,SG,20,DAL,3,10,-28.3,.000,.400,.000,0.0,24.2,12.0,12.7,0.0,0.0,28.6,31.9,-0.2,0.0,-0.2,-0.768,-26.1,-7.4,-33.5,-0.1
174,Ron Harper Jr.,SF,22,TOR,2,8,23.1,.750,.750,.000,0.0,15.2,7.0,0.0,0.0,0.0,0.0,21.0,0.0,0.0,0.0,.207,12.6,-0.7,11.9,0.0
175,Montrezl Harrell,C,29,PHI,17,209,16.2,.614,.000,.768,11.1,15.4,13.2,5.8,0.9,2.6,12.8,18.4,0.4,0.3,0.7,.155,-1.8,-0.8,-2.6,0.0
176,Gary Harris,SG,28,ORL,3,73,11.9,.632,.417,.125,3.2,7.4,5.4,8.4,1.3,0.0,13.6,17.4,0.1,0.0,0.1,.081,-1.3,-1.1,-2.3,0.0
177,Joe Harris,SG,31,BRK,18,449,7.5,.489,.710,.069,2.7,10.6,6.8,10.1,0.9,1.0,7.5,14.5,-0.1,0.2,0.2,.019,-2.7,-1.5,-4.2,-0.3
178,Kevon Harris,SG,25,ORL,13,157,9.3,.507,.325,.475,11.3,12.4,11.9,6.1,1.6,0.6,17.1,16.1,0.0,0.1,0.1,.040,-3.3,-1.6,-4.9,-0.1
179,Tobias Harris,PF,30,PHI,17,578,15.6,.554,.398,.143,3.2,18.3,10.8,13.4,2.0,1.3,8.2,20.7,0.5,0.9,1.3,.112,0.2,0.5,0.8,0.4
180,Josh Hart,SG,27,POR,19,681,12.6,.559,.237,.388,6.2,21.6,14.0,16.9,2.0,0.4,17.7,12.7,0.7,0.8,1.5,.107,-1.5,1.6,0.1,0.4
Rk,Player,Pos,Age,Tm,G,MP,PER,TS%,3PAr,FTr,ORB%,DRB%,TRB%,AST%,STL%,BLK%,TOV%,USG%,OWS,DWS,WS,WS/48,OBPM,DBPM,BPM,VORP
181,Isaiah Hartenstein,C,24,NYK,19,435,15.3,.584,.170,.200,13.9,19.5,16.7,5.0,1.8,4.5,13.5,12.0,0.6,0.5,1.2,.132,-1.2,0.2,-1.0,0.1
182,Udonis Haslem,PF,42,MIA,2,10,6.9,.387,.000,.667,0.0,23.6,11.5,0.0,0.0,10.0,0.0,17.0,0.0,0.0,0.0,-0.009,-6.2,-0.1,-6.3,0.0
183,Sam Hauser,PF,25,BOS,19,318,14.6,.717,.884,.063,2.5,13.1,7.9,5.2,0.6,1.1,3.0,14.0,0.8,0.2,1.0,.150,2.7,-0.6,2.1,0.3
184,Jaxson Hayes,C,22,NOP,8,62,4.2,.293,.500,.500,5.4,20.1,12.7,9.5,2.3,1.5,14.9,13.8,-0.1,0.1,0.0,-0.035,-6.7,-0.3,-7.0,-0.1
185,Killian Hayes,PG,21,DET,21,485,7.4,.399,.317,.114,2.1,10.6,6.2,26.4,2.1,1.6,16.6,18.2,-0.7,0.2,-0.5,-0.049,-4.8,-0.4,-5.2,-0.4
186,Gordon Hayward,SF,32,CHO,11,355,13.6,.543,.288,.295,2.0,12.5,7.1,20.7,0.9,0.7,14.5,22.7,0.1,0.3,0.4,.050,-0.3,-0.8,-1.1,0.1
187,Juancho Hernangómez,PF,27,TOR,12,207,11.4,.561,.533,.111,6.1,22.4,13.6,6.6,2.4,1.0,14.5,11.2,0.1,0.3,0.4,.085,-2.0,1.0,-1.0,0.1
188,Willy Hernangómez,C,28,NOP,7,52,14.8,.530,.143,.381,19.4,23.9,21.7,2.7,1.9,0.0,19.7,25.0,0.0,0.1,0.1,.048,-3.8,-4.1,-7.9,-0.1
189,Tyler Herro,SG,23,MIA,12,382,15.4,.555,.449,.182,1.7,21.0,11.1,17.8,0.9,1.8,12.6,26.5,0.0,0.4,0.5,.058,1.3,-0.2,1.2,0.3
190,Buddy Hield,SG,30,IND,18,566,14.7,.587,.687,.104,3.7,13.0,8.3,13.4,1.6,1.3,12.6,22.6,0.4,0.5,0.9,.077,1.8,-0.9,0.9,0.4
191,Haywood Highsmith,SF,26,MIA,11,191,4.2,.367,.478,.217,5.2,20.4,12.6,2.9,1.8,0.5,15.2,13.7,-0.4,0.2,-0.2,-0.043,-6.2,0.0,-6.2,-0.2
192,George Hill,PG,36,MIL,18,389,8.5,.517,.538,.462,1.7,7.7,4.7,15.6,1.0,0.6,12.2,11.5,0.3,0.5,0.7,.092,-3.6,0.8,-2.8,-0.1
193,Malcolm Hill,SF,27,CHI,3,1,12.2,,,,0.0,100.0,56.1,0.0,0.0,0.0,,0.0,0.0,0.0,0.0,.147,-4.6,5.1,0.5,0.0
194,Aaron Holiday,PG,26,ATL,19,339,7.1,.507,.325,.138,2.5,6.4,4.4,10.4,1.8,0.8,15.0,12.3,-0.1,0.3,0.2,.032,-4.2,0.8,-3.4,-0.1
195,Jrue Holiday,PG,32,MIL,14,441,18.4,.535,.394,.178,4.4,12.7,8.6,38.0,2.3,1.3,17.0,26.2,0.4,0.8,1.1,.125,2.1,0.8,2.8,0.5
196,Justin Holiday,SG,33,ATL,17,283,5.4,.483,.708,.000,0.4,5.7,3.0,7.3,0.7,1.5,9.2,14.4,-0.2,0.2,0.0,.000,-4.0,-0.8,-4.8,-0.2
197,Richaun Holmes,PF,29,SAC,10,113,11.0,.751,.045,.273,8.5,16.4,12.5,0.0,0.8,0.7,16.9,11.2,0.2,0.1,0.2,.099,-2.7,-1.2,-3.9,-0.1
198,Al Horford,C,36,BOS,16,505,15.0,.685,.584,.064,4.6,18.2,11.6,11.3,0.7,2.3,9.2,12.4,1.1,0.5,1.6,.151,2.7,0.9,3.5,0.7
199,Talen Horton-Tucker,SG,22,UTA,22,371,12.4,.491,.401,.217,3.3,13.1,8.2,18.9,2.3,2.0,14.0,22.5,-0.1,0.3,0.3,.033,-2.0,0.1,-1.9,0.0
200,Danuel House Jr.,SF,29,PHI,17,305,6.9,.565,.593,.333,1.5,10.9,6.2,5.8,1.0,1.2,12.7,10.4,0.1,0.3,0.4,.062,-3.3,-0.2,-3.5,-0.1
Rk,Player,Pos,Age,Tm,G,MP,PER,TS%,3PAr,FTr,ORB%,DRB%,TRB%,AST%,STL%,BLK%,TOV%,USG%,OWS,DWS,WS,WS/48,OBPM,DBPM,BPM,VORP
201,Caleb Houstan,SF,20,ORL,14,240,5.4,.506,.689,.222,4.4,9.0,6.8,5.0,0.4,0.4,9.2,9.8,0.1,0.1,0.2,.033,-3.2,-0.9,-4.1,-0.1
202,Trevor Hudgins,PG,23,HOU,1,4,30.4,1.500,1.000,.000,0.0,0.0,0.0,0.0,0.0,0.0,0.0,10.2,0.0,0.0,0.0,.218,15.6,1.2,16.8,0.0
203,Kevin Huerter,SG,24,SAC,18,579,15.2,.651,.649,.208,1.2,10.2,5.8,14.7,1.5,1.3,11.6,18.4,1.0,0.4,1.4,.114,2.1,-0.4,1.7,0.5
204,De'Andre Hunter,SF,25,ATL,18,571,10.2,.537,.322,.291,2.6,12.1,7.2,4.4,0.4,0.4,8.9,20.5,0.1,0.4,0.5,.041,-2.8,-1.7,-4.5,-0.4
205,Bones Hyland,PG,22,DEN,13,280,17.2,.552,.525,.238,1.2,9.9,5.5,25.4,1.4,1.3,11.5,30.8,0.3,0.2,0.5,.080,2.9,-1.9,1.0,0.2
206,Serge Ibaka,PF,33,MIL,14,159,11.9,.603,.318,.295,8.1,18.2,13.3,3.6,0.0,3.2,13.9,15.2,0.1,0.2,0.4,.113,-3.1,0.0,-3.0,0.0
207,Brandon Ingram,SF,25,NOP,15,481,18.8,.590,.260,.329,1.6,16.2,8.9,21.8,1.3,2.0,13.7,27.1,0.7,0.6,1.3,.128,2.0,-0.1,1.9,0.5
208,Kyrie Irving,PG,30,BRK,12,432,19.8,.589,.447,.200,1.7,11.7,6.9,19.5,1.5,2.4,9.6,29.3,0.6,0.4,0.9,.103,2.8,-1.4,1.4,0.4
209,Jaden Ivey,SG,20,DET,19,603,13.7,.520,.340,.324,4.0,13.0,8.3,21.5,1.7,0.9,14.2,24.0,0.1,0.2,0.3,.022,-0.8,-1.1,-1.9,0.0
210,Isaiah Jackson,PF,21,IND,17,298,17.7,.638,.012,.573,10.4,21.8,16.0,9.3,1.1,6.4,14.2,16.6,0.6,0.4,1.0,.156,-1.2,1.3,0.0,0.2
211,Jaren Jackson Jr.,C,23,MEM,4,99,27.6,.588,.412,.529,7.4,19.5,13.4,1.6,2.4,14.8,7.4,28.2,0.2,0.2,0.5,.222,2.5,3.9,6.5,0.2
212,Justin Jackson,SF,27,BOS,6,30,2.9,.375,.875,.000,0.0,11.0,5.6,4.1,0.0,2.8,0.0,11.8,0.0,0.0,0.0,-0.030,-3.8,-1.4,-5.2,0.0
213,Reggie Jackson,PG,32,LAC,20,585,11.5,.559,.405,.146,1.0,8.1,4.8,22.7,1.0,0.3,16.8,20.0,0.2,0.5,0.7,.057,-2.1,-0.7,-2.8,-0.1
214,LeBron James,PF,38,LAL,12,426,20.6,.543,.339,.241,4.6,21.2,13.2,31.7,1.6,1.7,14.2,32.8,0.0,0.6,0.6,.073,3.1,0.8,3.9,0.6
215,Ty Jerome,SG,25,GSW,9,147,12.6,.700,.500,.353,0.8,5.9,3.4,16.0,0.3,0.6,9.2,12.4,0.4,0.0,0.4,.138,0.3,-1.2,-0.9,0.0
216,Isaiah Joe,SG,23,OKC,15,121,20.4,.686,.840,.180,1.7,16.3,8.7,14.2,2.0,0.7,8.5,20.3,0.4,0.1,0.5,.193,6.0,0.3,6.4,0.2
217,Cameron Johnson,PF,26,PHO,8,202,17.3,.592,.614,.133,2.7,12.5,7.5,9.9,2.2,1.3,2.2,19.0,0.5,0.3,0.7,.171,3.4,0.8,4.2,0.3
218,Jalen Johnson,SF,21,ATL,19,255,12.2,.527,.342,.197,3.3,18.6,10.8,6.8,2.6,2.0,8.8,14.8,0.1,0.4,0.5,.086,-2.5,2.0,-0.5,0.1
219,James Johnson,PF,35,IND,5,56,5.3,.464,.429,.000,0.0,16.0,7.9,11.9,0.8,3.2,6.7,11.1,0.0,0.0,0.0,.041,-6.4,0.8,-5.6,-0.1
220,Keldon Johnson,SF,23,SAS,19,606,14.0,.526,.479,.244,2.9,15.3,8.7,14.4,1.5,0.3,11.1,28.2,-0.1,0.1,0.1,.004,0.3,-2.9,-2.6,-0.1
Rk,Player,Pos,Age,Tm,G,MP,PER,TS%,3PAr,FTr,ORB%,DRB%,TRB%,AST%,STL%,BLK%,TOV%,USG%,OWS,DWS,WS,WS/48,OBPM,DBPM,BPM,VORP
221,Keon Johnson,SG,20,POR,6,106,5.4,.441,.511,.133,3.3,12.9,8.2,14.5,2.3,1.7,21.4,25.1,-0.4,0.1,-0.2,-0.106,-5.8,-0.6,-6.4,-0.1
222,Nikola Jokić,C,27,DEN,16,516,30.4,.696,.150,.467,6.0,28.5,17.2,43.5,2.1,1.8,16.8,25.9,2.5,0.6,3.1,.291,7.2,3.6,10.8,1.7
223,Damian Jones,C,27,LAL,10,80,12.7,.531,.048,.476,12.2,20.3,16.4,5.2,0.6,5.1,16.4,16.0,0.0,0.1,0.1,.080,-4.2,0.0,-4.2,0.0
224,Derrick Jones Jr.,SF,25,CHI,15,195,15.4,.555,.283,.623,8.5,12.3,10.4,5.6,1.2,5.1,4.3,15.5,0.4,0.2,0.6,.153,-0.6,0.7,0.1,0.1
225,Herbert Jones,SF,24,NOP,15,420,12.2,.551,.322,.388,5.1,10.0,7.5,9.7,1.8,2.5,9.6,15.9,0.5,0.5,1.0,.110,-1.9,0.7,-1.2,0.1
226,Kai Jones,C,22,CHO,11,79,17.2,.638,.200,.400,6.5,18.2,12.2,3.7,1.2,7.9,7.8,13.5,0.1,0.1,0.3,.157,-0.6,2.6,1.9,0.1
227,Tre Jones,PG,23,SAS,20,600,14.5,.511,.231,.241,2.4,10.7,6.3,32.4,2.4,0.4,14.6,19.3,0.6,0.2,0.8,.063,-1.2,-1.2,-2.4,-0.1
228,Tyus Jones,PG,26,MEM,19,452,14.5,.536,.424,.113,1.4,6.6,4.0,25.3,1.3,0.4,9.7,18.7,0.7,0.3,0.9,.100,0.6,-1.1,-0.5,0.2
229,DeAndre Jordan,C,34,DEN,15,239,15.2,.717,.022,.511,11.5,31.8,21.6,8.4,0.6,3.9,27.6,13.7,0.2,0.3,0.5,.098,-1.8,0.1,-1.7,0.0
230,Cory Joseph,PG,31,DET,15,205,12.0,.509,.424,.186,2.0,5.5,3.7,31.0,0.9,0.4,7.3,14.1,0.4,0.0,0.3,.081,-1.4,-1.7,-3.1,-0.1
231,Nikola Jović,PF,19,MIA,10,160,11.9,.530,.472,.358,4.9,14.0,9.3,9.5,1.8,0.6,11.5,19.0,0.1,0.2,0.2,.072,-2.4,0.1,-2.3,0.0
232,Frank Kaminsky,C,29,ATL,8,42,13.0,.856,.286,.571,0.0,18.0,8.8,12.3,0.0,0.0,10.2,9.7,0.1,0.0,0.2,.191,-0.9,1.5,0.6,0.0
233,Trevor Keels,SG,19,NYK,1,1,-25.8,.000,1.000,.000,0.0,100.0,52.5,0.0,0.0,0.0,0.0,41.5,0.0,0.0,0.0,-0.808,-36.2,-8.5,-44.7,0.0
234,Luke Kennard,SG,26,LAC,14,298,10.3,.664,.600,.038,1.6,13.1,7.8,4.0,1.3,0.0,15.6,14.5,0.1,0.3,0.5,.077,-1.9,0.2,-1.7,0.0
235,Walker Kessler,C,21,UTA,19,295,19.1,.700,.000,.433,14.9,20.6,17.7,6.0,0.7,7.9,14.4,11.8,0.7,0.4,1.1,.176,0.2,1.1,1.3,0.2
236,Braxton Key,SF,25,DET,3,9,19.2,1.064,.000,2.000,0.0,12.5,6.0,0.0,0.0,0.0,0.0,8.8,0.0,0.0,0.0,.242,2.4,0.2,2.7,0.0
237,Corey Kispert,SF,23,WAS,11,301,12.3,.654,.629,.186,2.6,7.0,4.9,11.0,1.5,0.3,10.6,12.3,0.5,0.3,0.7,.118,-0.9,0.2,-0.7,0.1
238,Maxi Kleber,C,31,DAL,14,349,7.8,.537,.610,.203,3.8,14.2,9.0,5.6,0.9,2.4,11.1,9.4,0.1,0.4,0.5,.068,-2.6,0.2,-2.4,0.0
239,Nathan Knight,PF,25,MIN,7,16,6.6,.615,.500,.500,0.0,32.3,16.9,0.0,5.9,0.0,45.0,11.7,0.0,0.0,0.0,.010,-8.7,3.0,-5.7,0.0
240,Kevin Knox,SF,23,DET,14,181,11.3,.572,.645,.065,3.4,15.5,9.2,4.2,1.1,2.4,9.9,16.4,0.1,0.1,0.2,.043,-1.3,-0.7,-2.0,0.0
Rk,Player,Pos,Age,Tm,G,MP,PER,TS%,3PAr,FTr,ORB%,DRB%,TRB%,AST%,STL%,BLK%,TOV%,USG%,OWS,DWS,WS,WS/48,OBPM,DBPM,BPM,VORP
241,Christian Koloko,C,22,TOR,19,322,9.7,.494,.066,.557,11.4,12.5,11.9,3.7,0.6,7.6,13.6,11.5,0.1,0.3,0.5,.070,-5.6,-0.3,-5.9,-0.3
242,John Konchar,SG,26,MEM,18,490,13.3,.617,.644,.085,5.8,19.1,12.3,7.2,1.8,1.3,10.3,11.5,0.8,0.6,1.3,.129,0.1,1.1,1.2,0.4
243,Furkan Korkmaz,SG,25,PHI,8,85,8.4,.524,.483,.345,4.1,9.5,6.8,8.7,0.0,0.0,13.0,20.2,0.0,0.1,0.0,.020,-3.7,-2.4,-6.1,-0.1
244,Luke Kornet,C,27,BOS,14,178,17.9,.755,.125,.313,10.3,21.6,16.1,10.5,0.5,7.0,16.1,10.8,0.5,0.3,0.8,.211,0.7,2.4,3.1,0.2
245,Vit Krejci,PG,22,ATL,8,21,16.7,.786,.857,.000,0.0,10.3,5.0,6.8,0.0,0.0,0.0,13.9,0.1,0.0,0.1,.194,2.7,-0.1,2.6,0.0
246,Jonathan Kuminga,PF,20,GSW,16,237,6.4,.481,.418,.241,6.2,10.9,8.6,7.2,1.2,2.3,18.6,19.0,-0.3,0.2,-0.2,-0.036,-5.7,-1.5,-7.2,-0.3
247,Kyle Kuzma,PF,27,WAS,19,657,15.2,.554,.443,.228,3.0,21.8,12.6,15.5,0.5,1.1,12.6,26.5,0.1,0.8,0.8,.060,0.0,-1.1,-1.1,0.2
248,Anthony Lamb,SF,25,GSW,12,230,11.1,.676,.648,.000,4.9,16.0,10.6,12.0,1.8,0.4,21.7,12.6,0.2,0.2,0.4,.082,-1.3,0.6,-0.7,0.1
249,Jock Landale,C,27,PHO,16,228,17.9,.582,.302,.314,12.2,18.6,15.3,7.7,1.1,4.7,10.9,20.6,0.4,0.3,0.7,.157,-1.1,-0.1,-1.3,0.0
250,Romeo Langford,SG,23,SAS,10,184,7.0,.445,.298,.170,9.1,4.6,7.0,5.6,1.8,1.9,15.1,13.4,-0.1,0.0,-0.1,-0.024,-4.3,-1.5,-5.8,-0.2
251,Jake LaRavia,PF,21,MEM,15,280,7.8,.541,.691,.074,4.5,14.2,9.3,6.4,1.4,1.0,15.6,12.2,0.1,0.3,0.3,.054,-3.4,0.2,-3.2,-0.1
252,Zach LaVine,SG,27,CHI,15,512,15.1,.535,.472,.232,2.4,11.4,6.8,19.3,1.6,0.2,10.4,27.5,0.2,0.5,0.7,.066,0.3,-0.9,-0.5,0.2
253,A.J. Lawson,SG,22,MIN,1,2,34.8,1.000,.000,.000,0.0,51.6,27.1,0.0,0.0,0.0,0.0,21.1,0.0,0.0,0.0,.396,-2.4,7.4,5.0,0.0
254,Damion Lee,SG,30,PHO,19,389,12.8,.637,.682,.178,3.7,14.7,9.1,8.4,1.1,0.2,9.4,14.0,0.7,0.4,1.1,.135,1.6,-0.1,1.4,0.3
255,Alex Len,C,29,SAC,5,15,9.1,.644,.000,.667,0.0,23.1,11.8,0.0,0.0,0.0,0.0,11.0,0.0,0.0,0.0,.083,-3.6,-2.3,-5.9,0.0
256,Kawhi Leonard,SF,31,LAC,5,112,14.6,.493,.333,.289,4.3,15.1,10.1,23.5,1.3,0.8,9.0,22.2,0.1,0.1,0.2,.086,-0.7,1.6,0.9,0.1
257,Caris LeVert,SG,28,CLE,16,516,10.7,.482,.387,.249,4.0,12.2,8.2,21.2,1.1,0.4,12.7,18.8,0.2,0.6,0.8,.071,-1.7,-0.1,-1.7,0.0
258,Damian Lillard,PG,32,POR,11,387,21.6,.599,.558,.482,3.0,10.9,7.0,34.0,0.8,0.7,14.8,32.0,1.0,0.2,1.2,.152,5.6,-1.7,3.9,0.6
259,Nassir Little,PF,22,POR,19,297,11.5,.578,.472,.180,2.4,15.8,9.1,9.2,1.2,0.9,11.9,16.1,0.2,0.3,0.4,.071,-0.8,-0.1,-0.9,0.1
260,Isaiah Livers,PF,24,DET,19,373,8.2,.548,.761,.185,3.1,10.2,6.5,4.5,1.0,2.1,10.0,12.4,0.2,0.1,0.2,.029,-2.0,-0.6,-2.6,-0.1
Rk,Player,Pos,Age,Tm,G,MP,PER,TS%,3PAr,FTr,ORB%,DRB%,TRB%,AST%,STL%,BLK%,TOV%,USG%,OWS,DWS,WS,WS/48,OBPM,DBPM,BPM,VORP
261,Kenneth Lofton Jr.,PF,20,MEM,4,19,9.2,.413,.083,.250,5.5,11.3,8.4,25.5,0.0,0.0,7.0,31.0,0.0,0.0,0.0,-0.054,-3.8,-2.7,-6.5,0.0
262,Kevon Looney,C,26,GSW,20,459,15.5,.642,.000,.279,11.4,21.4,16.5,17.3,0.8,2.2,9.4,9.8,1.3,0.4,1.8,.184,0.1,1.4,1.5,0.4
263,Brook Lopez,C,34,MIL,18,564,18.8,.626,.509,.164,6.1,13.6,9.9,4.9,1.0,7.6,9.1,18.7,1.0,1.1,2.1,.178,2.3,2.0,4.3,0.9
264,Robin Lopez,C,34,CLE,13,131,12.5,.677,.000,.300,11.2,7.0,9.0,6.7,0.4,1.4,17.1,13.8,0.2,0.1,0.4,.129,-2.0,-0.8,-2.8,0.0
265,Kevin Love,PF,34,CLE,16,331,18.8,.613,.730,.295,4.8,35.3,20.5,17.7,0.3,0.9,11.0,20.7,0.8,0.5,1.3,.195,4.7,1.0,5.7,0.7
266,Kyle Lowry,PG,36,MIA,20,731,14.0,.577,.614,.395,2.3,13.6,7.8,24.7,1.5,1.8,16.5,18.6,0.8,0.8,1.6,.107,0.5,0.7,1.2,0.6
267,Trey Lyles,PF,27,SAC,16,235,12.5,.565,.706,.259,8.7,13.8,11.3,6.9,1.2,2.5,15.2,20.3,0.1,0.2,0.2,.049,-0.7,-1.7,-2.4,0.0
268,Théo Maledon,PG,21,CHO,18,275,13.1,.611,.394,.318,1.1,15.7,8.2,20.2,2.3,1.3,20.2,14.3,0.2,0.4,0.6,.101,-2.2,1.7,-0.5,0.1
269,Sandro Mamukelashvili,C,23,MIL,8,43,7.6,.435,.500,.500,7.5,14.4,11.0,3.3,0.0,0.0,4.9,19.9,0.0,0.0,0.0,.020,-4.9,-3.1,-8.0,-0.1
270,Terance Mann,SG,26,LAC,20,398,13.8,.667,.314,.210,4.0,12.7,8.6,12.3,1.1,0.9,14.9,15.1,0.6,0.5,1.1,.129,-1.2,0.6,-0.6,0.1
271,Tre Mann,PG,21,OKC,17,381,9.4,.467,.549,.099,2.7,11.8,7.1,12.2,1.7,0.2,9.6,20.5,-0.3,0.3,0.0,-0.002,-3.3,-1.4,-4.7,-0.3
272,Boban Marjanović,C,34,HOU,6,19,11.9,.565,.000,1.250,5.7,28.3,17.0,7.5,2.5,0.0,24.4,17.6,0.0,0.0,0.0,.026,-3.3,-0.1,-3.4,0.0
273,Lauri Markkanen,SF,25,UTA,22,738,20.6,.630,.396,.278,7.6,20.1,13.8,10.5,0.7,1.9,11.0,24.2,1.8,0.5,2.4,.154,3.3,-1.4,1.9,0.7
274,Naji Marshall,SF,25,NOP,19,383,10.4,.521,.400,.227,4.4,11.5,7.9,12.8,1.4,0.7,12.9,15.4,0.2,0.4,0.5,.069,-1.8,-0.5,-2.2,0.0
275,Caleb Martin,PF,27,MIA,19,616,12.8,.567,.368,.152,6.7,10.9,8.7,9.9,2.0,1.3,10.8,14.6,0.6,0.7,1.3,.101,-0.5,0.5,0.1,0.3
276,Cody Martin,SF,27,CHO,1,1,0.0,,,,0.0,0.0,0.0,0.0,0.0,0.0,,0.0,0.0,0.0,0.0,.005,-5.5,-1.6,-7.1,0.0
277,Kenyon Martin Jr.,SF,22,HOU,19,475,15.0,.623,.375,.270,6.4,17.0,11.7,9.3,0.9,2.0,13.7,17.0,0.7,0.3,1.0,.099,0.4,-0.7,-0.3,0.2
278,Tyrese Martin,SG,23,ATL,7,21,14.0,.583,.500,.000,9.9,10.3,10.1,0.0,2.3,0.0,0.0,11.9,0.0,0.0,0.1,.134,0.0,0.2,0.2,0.0
279,Garrison Mathews,SG,26,HOU,16,210,11.0,.648,.946,.357,1.0,7.7,4.4,4.7,1.6,0.4,8.5,13.8,0.4,0.1,0.5,.113,-1.1,-0.1,-1.3,0.0
280,Bennedict Mathurin,SG,20,IND,18,504,16.7,.602,.437,.496,5.5,10.0,7.7,9.5,0.9,0.4,11.9,27.0,0.8,0.2,1.1,.101,1.9,-2.4,-0.6,0.2
Rk,Player,Pos,Age,Tm,G,MP,PER,TS%,3PAr,FTr,ORB%,DRB%,TRB%,AST%,STL%,BLK%,TOV%,USG%,OWS,DWS,WS,WS/48,OBPM,DBPM,BPM,VORP
281,Wesley Matthews,SG,36,MIL,15,247,6.9,.477,.782,.109,6.1,7.1,6.6,4.8,1.8,1.4,9.4,10.8,0.0,0.4,0.4,.077,-3.6,1.4,-2.2,0.0
282,Tyrese Maxey,SG,22,PHI,15,546,17.4,.569,.374,.238,1.3,9.7,5.5,21.0,1.4,0.7,9.0,27.2,0.6,0.6,1.2,.108,1.6,-1.1,0.5,0.3
283,Miles McBride,PG,22,NYK,8,53,8.0,.414,.450,.200,0.0,4.0,2.0,18.8,2.7,0.0,4.4,17.8,0.0,0.0,0.0,-0.003,-5.2,0.3,-4.9,0.0
284,CJ McCollum,SG,31,NOP,17,597,15.5,.497,.393,.111,3.4,12.9,8.1,25.4,1.7,1.6,10.1,25.4,0.3,0.7,1.0,.080,1.0,-0.4,0.6,0.4
285,T.J. McConnell,PG,30,IND,17,298,12.1,.500,.106,.106,4.1,10.9,7.5,32.4,3.2,1.2,27.1,16.9,-0.1,0.3,0.2,.039,-2.3,1.0,-1.3,0.1
286,Jaden McDaniels,PF,22,MIN,19,568,12.3,.621,.352,.214,5.4,7.3,6.4,6.3,1.7,4.1,14.3,15.1,0.5,0.6,1.1,.094,-2.0,0.6,-1.4,0.1
287,Jalen McDaniels,SF,25,CHO,20,512,11.3,.523,.415,.189,4.2,16.2,10.0,12.1,1.9,2.1,13.1,16.1,0.1,0.6,0.7,.070,-2.3,1.1,-1.3,0.1
288,Doug McDermott,SF,31,SAS,19,398,11.0,.599,.575,.100,1.3,9.4,5.1,9.2,0.2,0.6,10.7,19.4,0.3,-0.1,0.2,.020,-0.5,-3.4,-3.9,-0.2
289,JaVale McGee,C,35,DAL,14,133,14.6,.578,.000,.455,9.9,24.5,17.2,5.0,1.1,5.5,21.0,22.9,-0.1,0.2,0.1,.048,-4.9,-0.2,-5.1,-0.1
290,Bryce McGowens,SG,20,CHO,5,30,20.1,.714,.333,.556,0.0,7.4,3.6,5.0,3.2,3.0,8.2,17.0,0.1,0.0,0.1,.209,1.2,2.7,3.9,0.0
291,Rodney McGruder,SG,31,DET,6,41,11.6,.437,.714,.143,12.7,13.7,13.1,10.3,0.0,0.0,0.0,15.2,0.1,0.0,0.0,.057,1.8,-2.6,-0.8,0.0
292,Jordan McLaughlin,PG,26,MIN,15,237,13.8,.530,.547,.113,1.9,8.7,5.5,30.3,2.4,0.4,13.9,11.5,0.4,0.2,0.6,.126,-0.2,0.8,0.6,0.2
293,De'Anthony Melton,PG,24,PHI,17,471,15.0,.533,.527,.112,4.9,13.9,9.4,17.8,3.7,1.6,14.1,19.6,0.1,0.9,1.0,.098,-0.4,2.6,2.2,0.5
294,Chimezie Metu,C,25,SAC,14,171,14.6,.636,.273,.164,5.6,24.4,15.1,8.4,1.4,0.5,14.5,17.2,0.2,0.2,0.3,.096,-1.0,-0.5,-1.6,0.0
295,Patty Mills,PG,34,BRK,20,219,12.7,.603,.775,.141,2.7,5.4,4.1,13.4,0.9,0.4,8.5,16.8,0.3,0.1,0.4,.086,1.1,-2.2,-1.0,0.1
296,Shake Milton,SG,26,PHI,15,311,14.2,.608,.280,.224,4.1,14.8,9.5,23.6,0.6,0.9,20.3,21.2,0.2,0.3,0.5,.084,-0.6,-0.6,-1.3,0.1
297,Davion Mitchell,PG,24,SAC,18,337,8.5,.551,.452,.087,0.7,6.5,3.7,15.2,1.0,0.5,15.6,16.2,0.0,0.1,0.1,.017,-3.0,-1.4,-4.4,-0.2
298,Donovan Mitchell,SG,26,CLE,17,637,25.1,.639,.448,.269,2.9,9.9,6.5,26.0,2.0,1.0,12.1,31.5,2.1,0.9,2.9,.220,7.0,0.8,7.9,1.6
299,Evan Mobley,PF,21,CLE,19,647,16.5,.578,.062,.325,9.4,19.8,14.8,10.7,1.5,3.8,15.3,19.3,0.7,1.1,1.8,.132,-0.5,1.4,0.9,0.5
300,Isaiah Mobley,PF,23,CLE,5,18,15.2,.583,.333,.000,0.0,44.5,23.0,0.0,2.8,0.0,0.0,14.7,0.0,0.0,0.1,.161,-0.1,1.9,1.8,0.0
Rk,Player,Pos,Age,Tm,G,MP,PER,TS%,3PAr,FTr,ORB%,DRB%,TRB%,AST%,STL%,BLK%,TOV%,USG%,OWS,DWS,WS,WS/48,OBPM,DBPM,BPM,VORP
301,Chima Moneke,SF,27,SAC,2,8,-3.4,.347,.000,1.000,30.0,0.0,14.7,16.4,0.0,0.0,41.0,26.0,0.0,0.0,0.0,-0.274,-12.9,-8.2,-21.1,0.0
302,Malik Monk,SG,24,SAC,18,399,17.1,.588,.529,.190,2.1,9.3,5.8,27.4,1.3,0.8,13.1,25.2,0.6,0.2,0.9,.103,2.2,-1.4,0.8,0.3
303,Moses Moody,SG,20,GSW,17,264,7.2,.552,.648,.310,2.2,10.6,6.5,4.9,1.2,1.7,19.1,15.9,-0.2,0.2,0.0,-0.007,-3.3,-1.4,-4.8,-0.2
304,Wendell Moore Jr.,SG,21,MIN,2,3,-45.5,.000,1.000,.000,0.0,0.0,0.0,0.0,0.0,0.0,66.7,42.2,-0.1,0.0,-0.1,-1.229,-31.5,-15.1,-46.7,0.0
305,Ja Morant,PG,23,MEM,16,524,25.7,.572,.232,.432,4.2,15.8,9.9,38.3,1.6,0.9,13.0,36.1,1.4,0.5,1.9,.172,6.2,0.3,6.6,1.1
306,Marcus Morris,PF,33,LAC,18,551,14.6,.593,.455,.103,1.8,15.9,9.3,10.1,1.2,0.8,7.5,19.5,0.6,0.7,1.3,.115,0.1,0.6,0.7,0.4
307,Markieff Morris,PF,33,BRK,12,130,10.2,.571,.743,.000,4.6,18.2,11.8,12.4,1.9,1.3,18.6,14.8,0.0,0.1,0.2,.056,-1.6,-0.1,-1.6,0.0
308,Monte Morris,PG,27,WAS,16,439,13.1,.506,.383,.164,1.8,13.3,7.6,25.5,1.3,0.8,8.7,15.0,0.5,0.5,0.9,.102,-1.0,0.4,-0.6,0.2
309,Trey Murphy III,SF,22,NOP,17,459,16.1,.653,.634,.204,4.9,13.3,9.1,6.4,1.8,1.4,6.6,15.4,1.1,0.5,1.6,.168,2.5,0.2,2.7,0.5
310,Dejounte Murray,SG,26,ATL,19,694,18.9,.528,.309,.136,2.1,15.5,8.7,28.4,2.6,0.7,10.8,25.6,0.6,0.9,1.5,.107,2.1,1.1,3.2,0.9
311,Jamal Murray,PG,25,DEN,15,445,14.9,.499,.316,.152,2.3,12.7,7.5,25.2,1.7,0.4,11.2,26.9,0.0,0.3,0.3,.035,-0.7,-1.9,-2.7,-0.1
312,Keegan Murray,SF,22,SAC,16,466,8.0,.516,.595,.118,3.3,12.4,8.0,4.6,1.3,1.8,13.0,16.9,-0.3,0.3,0.0,.000,-2.9,-1.3,-4.1,-0.2
313,Mike Muscala,C,31,OKC,14,179,14.2,.567,.657,.239,4.0,25.7,14.5,8.4,0.3,3.9,8.6,18.9,0.2,0.2,0.4,.103,-0.6,-0.8,-1.5,0.0
314,Svi Mykhailiuk,SF,25,NYK,5,13,27.2,1.157,1.000,1.000,0.0,24.5,12.1,0.0,0.0,0.0,18.8,17.0,0.0,0.0,0.0,.129,12.0,1.5,13.5,0.1
315,Larry Nance Jr.,PF,30,NOP,18,404,19.7,.709,.118,.191,8.6,17.9,13.2,12.2,1.8,3.3,12.5,14.3,1.1,0.6,1.7,.201,1.9,1.6,3.5,0.5
316,Andrew Nembhard,SG,23,IND,14,282,11.6,.580,.538,.090,2.0,9.9,5.9,20.9,2.0,0.3,12.9,13.6,0.4,0.2,0.6,.103,-1.5,0.7,-0.8,0.1
317,Aaron Nesmith,SF,23,IND,14,303,7.5,.512,.604,.242,2.6,13.6,8.1,8.4,0.9,2.4,13.7,15.9,-0.1,0.2,0.1,.019,-3.7,-0.8,-4.5,-0.2
318,Raul Neto,PG,30,CLE,12,109,11.2,.523,.345,.276,2.2,10.5,6.5,18.9,2.3,0.0,15.6,15.6,0.1,0.1,0.2,.092,-3.3,1.5,-1.8,0.0
319,Georges Niang,PF,29,PHI,19,375,14.6,.671,.745,.102,1.2,11.3,6.3,8.0,0.9,1.7,10.1,19.0,0.6,0.4,1.0,.130,2.0,-0.4,1.6,0.3
320,Daishen Nix,PG,20,HOU,17,247,6.1,.476,.673,.163,1.3,9.1,5.2,19.6,2.7,1.1,32.2,12.8,-0.3,0.2,-0.1,-0.027,-4.2,0.4,-3.9,-0.1
Rk,Player,Pos,Age,Tm,G,MP,PER,TS%,3PAr,FTr,ORB%,DRB%,TRB%,AST%,STL%,BLK%,TOV%,USG%,OWS,DWS,WS,WS/48,OBPM,DBPM,BPM,VORP
321,Zeke Nnaji,PF,22,DEN,14,144,12.5,.653,.214,.214,10.3,4.8,7.6,1.9,1.0,0.6,11.5,15.6,0.3,0.1,0.3,.103,-2.6,-2.4,-5.0,-0.1
322,Nerlens Noel,C,28,DET,6,62,8.2,.373,.000,.308,5.0,28.9,16.5,6.5,3.9,2.8,16.9,12.0,-0.1,0.1,0.0,.003,-5.4,2.1,-3.3,0.0
323,Jaylen Nowell,SG,23,MIN,19,314,12.3,.480,.404,.124,3.3,12.8,8.3,18.2,1.5,0.6,9.2,27.8,-0.3,0.3,0.1,.009,-2.5,-1.5,-4.0,-0.2
324,Frank Ntilikina,PG,24,DAL,4,25,8.7,.438,.625,.000,0.0,24.2,12.0,17.9,2.0,0.0,11.1,16.4,0.0,0.0,0.0,.022,-5.8,1.6,-4.1,0.0
325,Kendrick Nunn,PG,27,LAL,16,225,4.6,.465,.515,.071,0.5,9.5,5.1,13.6,0.4,0.4,18.4,23.4,-0.6,0.1,-0.5,-0.103,-5.8,-2.7,-8.5,-0.4
326,Jusuf Nurkić,C,28,POR,16,460,18.5,.607,.151,.343,11.7,27.3,19.6,13.9,1.4,2.2,17.7,22.1,0.6,0.6,1.3,.133,0.1,0.4,0.5,0.3
327,Jordan Nwora,SF,24,MIL,18,338,8.3,.475,.521,.222,4.1,16.5,10.4,8.2,0.7,0.7,11.7,18.0,-0.2,0.5,0.3,.044,-3.3,-0.5,-3.8,-0.1
328,Royce O'Neale,SF,29,BRK,20,709,10.5,.557,.652,.079,2.9,12.2,7.7,17.4,1.6,1.6,16.4,13.9,0.3,0.6,0.9,.062,-0.8,0.0,-0.8,0.2
329,Chuma Okeke,PF,24,ORL,18,392,10.3,.509,.690,.241,6.3,15.2,11.0,9.0,1.4,2.2,8.6,11.6,0.3,0.3,0.7,.081,-1.4,0.5,-0.8,0.1
330,Josh Okogie,SG,24,PHO,17,109,6.2,.367,.452,.323,10.2,16.8,13.4,6.9,3.2,4.1,20.3,17.4,-0.3,0.2,0.0,-0.020,-7.2,1.7,-5.6,-0.1
331,Onyeka Okongwu,C,22,ATL,18,367,17.5,.667,.022,.371,11.1,22.0,16.5,7.0,1.3,3.3,11.2,13.2,0.9,0.5,1.4,.185,-0.7,0.8,0.2,0.2
332,Isaac Okoro,SG,22,CLE,19,343,4.8,.525,.441,.441,2.5,8.3,5.5,3.8,1.5,0.8,17.6,11.0,-0.1,0.4,0.3,.041,-5.7,0.8,-4.9,-0.2
333,KZ Okpala,PF,23,SAC,10,74,8.7,.627,.545,.364,4.9,10.9,8.0,6.6,0.6,1.1,0.0,7.4,0.1,0.0,0.2,.118,-1.8,0.0,-1.8,0.0
334,Kelly Olynyk,PF,31,UTA,22,615,16.1,.683,.395,.350,5.4,13.7,9.5,15.5,2.2,1.8,19.0,17.2,1.2,0.6,1.8,.138,0.6,0.9,1.5,0.5
335,Eugene Omoruyi,SF,25,OKC,8,95,11.8,.621,.394,.333,6.5,9.2,7.8,2.9,1.5,0.0,11.7,18.8,0.1,0.1,0.2,.086,-3.2,-1.8,-5.0,-0.1
336,Cedi Osman,SF,27,CLE,19,424,11.9,.593,.552,.216,2.0,13.5,7.9,12.0,0.6,0.4,9.8,17.0,0.6,0.4,1.0,.115,-0.4,0.0,-0.4,0.2
337,Kelly Oubre Jr.,SF,27,CHO,20,633,15.8,.524,.442,.205,4.7,13.3,8.9,6.0,2.6,0.8,5.6,26.0,0.4,0.8,1.2,.087,0.2,0.0,0.2,0.3
338,Chris Paul,PG,37,PHO,10,302,17.6,.522,.434,.447,1.8,15.2,8.4,39.3,2.8,0.6,14.2,15.0,0.7,0.4,1.2,.189,1.4,2.2,3.6,0.4
339,Cameron Payne,PG,28,PHO,17,429,15.4,.538,.404,.172,1.6,9.6,5.5,29.5,2.0,0.8,14.2,25.4,0.3,0.5,0.8,.091,0.5,-0.8,-0.2,0.2
340,Theo Pinson,SG,27,DAL,4,13,17.2,1.064,.000,2.000,0.0,27.9,13.9,10.8,0.0,0.0,0.0,6.6,0.1,0.0,0.1,.276,0.9,2.8,3.7,0.0
Rk,Player,Pos,Age,Tm,G,MP,PER,TS%,3PAr,FTr,ORB%,DRB%,TRB%,AST%,STL%,BLK%,TOV%,USG%,OWS,DWS,WS,WS/48,OBPM,DBPM,BPM,VORP
341,Scotty Pippen Jr.,PG,22,LAL,2,8,-0.3,.399,.000,2.000,13.6,12.7,13.1,0.0,0.0,0.0,21.0,25.1,0.0,0.0,0.0,-0.129,-13.2,-5.8,-19.1,0.0
342,Mason Plumlee,C,32,CHO,20,542,16.2,.598,.000,.684,11.2,25.1,17.9,21.5,1.1,2.0,20.8,14.8,0.8,0.7,1.5,.133,-0.7,1.7,1.0,0.4
343,Jakob Poeltl,C,27,SAS,20,545,21.1,.634,.000,.315,14.8,26.6,20.3,19.0,1.6,3.1,19.2,19.0,1.0,0.4,1.4,.121,1.4,-0.1,1.3,0.4
344,Aleksej Pokusevski,PF,21,OKC,17,391,16.0,.579,.415,.126,6.3,16.5,11.2,9.9,1.5,6.7,13.9,17.7,0.3,0.5,0.8,.093,0.2,0.8,1.0,0.3
345,Jordan Poole,SG,23,GSW,20,552,12.4,.539,.517,.266,1.0,6.3,3.7,22.8,1.5,1.1,16.0,26.6,-0.1,0.3,0.2,.016,-1.2,-2.0,-3.3,-0.2
346,Kevin Porter Jr.,PG,22,HOU,18,628,14.6,.520,.355,.348,4.8,13.5,9.2,28.0,1.8,1.2,17.7,26.2,0.1,0.4,0.5,.040,-0.1,-1.4,-1.4,0.1
347,Michael Porter Jr.,SF,24,DEN,16,465,16.2,.600,.534,.146,4.7,19.1,11.8,6.3,1.0,1.2,7.6,22.0,0.7,0.3,1.0,.105,1.2,-1.8,-0.6,0.2
348,Otto Porter Jr.,SF,29,TOR,8,146,14.5,.656,.567,.267,4.3,10.8,7.3,7.4,3.7,0.0,10.7,10.8,0.3,0.2,0.4,.146,-0.8,1.6,0.8,0.1
349,Bobby Portis,PF,27,MIL,18,482,18.3,.545,.329,.119,9.8,31.2,20.7,13.1,0.8,1.2,9.1,21.1,0.7,0.9,1.6,.156,1.5,0.4,1.9,0.5
350,Kristaps Porziņģis,PF,27,WAS,18,582,20.2,.570,.391,.337,7.6,21.1,14.5,13.0,1.1,4.2,9.6,26.7,0.9,0.9,1.8,.145,2.0,0.2,2.2,0.6
351,Micah Potter,PF,24,UTA,2,12,17.6,1.000,.000,.000,9.1,18.4,13.8,11.6,0.0,0.0,0.0,7.0,0.1,0.0,0.1,.229,2.1,0.4,2.5,0.0
352,Dwight Powell,C,31,DAL,15,264,15.5,.700,.019,.547,11.8,11.0,11.4,5.2,1.9,1.7,15.4,13.4,0.6,0.3,0.9,.170,-1.3,0.3,-1.0,0.1
353,Norman Powell,SG,29,LAC,20,506,13.5,.571,.389,.322,1.4,10.2,6.1,9.2,1.5,1.2,12.7,24.4,0.0,0.6,0.6,.061,-1.7,-0.3,-2.0,0.0
354,Jason Preston,PG,23,LAC,1,3,-26.1,.000,1.000,2.000,0.0,0.0,0.0,0.0,0.0,0.0,0.0,28.0,0.0,0.0,0.0,-0.727,-22.5,-10.9,-33.4,0.0
355,Joshua Primo,SG,20,SAS,4,93,6.4,.467,.462,.346,2.3,14.3,7.8,24.9,0.5,1.8,26.9,18.2,-0.1,0.0,-0.1,-0.067,-4.3,-2.2,-6.5,-0.1
356,Taurean Prince,SF,28,MIN,18,352,10.0,.630,.524,.214,1.9,11.4,6.9,8.2,0.8,1.0,15.7,16.0,0.2,0.3,0.5,.069,-2.6,-1.0,-3.5,-0.1
357,Payton Pritchard,PG,25,BOS,11,120,15.3,.594,.532,.170,7.7,10.0,8.9,14.5,2.0,0.0,16.5,22.3,0.1,0.1,0.2,.079,0.4,-1.0,-0.6,0.0
358,Immanuel Quickley,PG,23,NYK,19,444,13.6,.513,.497,.280,2.3,18.2,10.2,19.4,2.6,0.6,12.4,18.8,0.2,0.5,0.7,.080,-1.4,1.1,-0.3,0.2
359,Julius Randle,PF,28,NYK,19,627,17.8,.583,.401,.405,7.1,20.5,13.7,14.2,1.2,0.6,14.3,26.3,0.8,0.6,1.3,.101,1.6,-1.0,0.6,0.4
360,Austin Reaves,SG,24,LAL,18,509,12.6,.687,.455,.464,2.8,9.2,6.1,10.1,0.7,1.0,13.1,12.6,0.9,0.4,1.3,.125,-1.0,-0.1,-1.0,0.1
Rk,Player,Pos,Age,Tm,G,MP,PER,TS%,3PAr,FTr,ORB%,DRB%,TRB%,AST%,STL%,BLK%,TOV%,USG%,OWS,DWS,WS,WS/48,OBPM,DBPM,BPM,VORP
361,Cam Reddish,SF,23,NYK,16,373,11.7,.565,.412,.227,2.0,6.5,4.2,6.1,1.8,2.0,7.8,15.8,0.3,0.2,0.6,.073,-1.5,0.0,-1.6,0.0
362,Davon Reed,SG,27,DEN,14,134,0.2,.370,.486,.216,2.6,16.3,9.4,5.5,1.5,0.7,22.8,16.9,-0.4,0.1,-0.3,-0.123,-8.6,-2.7,-11.3,-0.3
363,Paul Reed,C,23,PHI,16,176,15.3,.531,.083,.167,11.8,23.5,17.7,5.6,5.3,5.2,15.3,11.6,0.1,0.5,0.6,.169,-4.3,4.6,0.3,0.1
364,Naz Reid,C,23,MIN,13,160,18.5,.640,.352,.254,5.0,16.8,11.2,7.0,1.2,4.5,10.2,23.2,0.3,0.2,0.5,.141,0.1,1.0,1.2,0.1
365,Nick Richards,C,25,CHO,20,392,20.7,.651,.000,.529,16.1,20.3,18.1,5.1,0.2,4.1,10.4,17.4,1.1,0.4,1.6,.194,0.8,-1.1,-0.2,0.2
366,Josh Richardson,SG,29,SAS,17,388,10.9,.543,.548,.219,1.9,9.6,5.5,18.2,1.5,0.4,15.3,20.1,0.1,0.0,0.1,.013,-2.0,-2.5,-4.4,-0.2
367,Austin Rivers,SG,30,MIN,9,81,6.0,.513,.600,.533,0.0,8.9,4.7,6.1,0.6,1.1,9.7,10.7,0.0,0.1,0.1,.037,-4.5,-0.7,-5.2,-0.1
368,Duncan Robinson,SF,28,MIA,16,282,6.4,.488,.727,.101,1.6,13.0,7.1,11.2,0.2,0.0,9.6,17.8,-0.1,0.2,0.0,.007,-3.4,-1.9,-5.4,-0.2
369,Mitchell Robinson,C,24,NYK,11,227,18.0,.678,.000,.419,15.1,15.0,15.0,5.5,1.1,9.0,10.5,10.4,0.6,0.3,0.8,.176,-0.4,1.7,1.3,0.2
370,Orlando Robinson,C,22,MIA,2,40,11.5,.489,.231,.231,5.6,20.7,12.9,3.9,2.5,2.5,6.5,16.8,0.0,0.1,0.1,.070,-4.8,2.2,-2.7,0.0
371,Jeremiah Robinson-Earl,PF,22,OKC,19,374,16.7,.615,.467,.164,7.6,16.4,11.9,6.6,1.9,2.1,7.1,15.7,0.7,0.4,1.1,.145,1.0,-0.5,0.5,0.2
372,Isaiah Roby,PF,24,SAS,16,204,12.4,.549,.406,.281,3.1,19.5,10.7,13.5,1.4,2.1,8.9,16.0,0.2,0.1,0.3,.060,-1.4,-0.7,-2.0,0.0
373,David Roddy,PF,21,MEM,19,344,7.0,.466,.532,.144,4.6,10.9,7.7,4.2,1.0,1.3,9.2,15.6,-0.1,0.2,0.1,.018,-4.1,-1.2,-5.3,-0.3
374,Ryan Rollins,PG,20,GSW,7,43,-7.7,.472,.533,.133,2.6,15.1,9.0,9.1,0.0,0.0,43.0,27.2,-0.3,0.0,-0.3,-0.328,-15.4,-6.1,-21.4,-0.2
375,Derrick Rose,PG,34,NYK,17,225,14.4,.511,.394,.092,3.2,10.9,7.0,24.5,1.1,2.1,12.4,23.9,0.1,0.1,0.2,.042,1.2,-1.2,-0.1,0.1
376,Terrence Ross,SG,31,ORL,17,438,8.4,.534,.540,.088,1.6,8.9,5.4,8.3,1.3,0.9,12.9,16.1,0.0,0.2,0.2,.022,-2.8,-0.7,-3.5,-0.2
377,Terry Rozier,PG,28,CHO,13,483,11.7,.467,.417,.125,4.1,9.6,6.7,24.2,0.8,0.6,11.2,27.8,-0.4,0.3,-0.1,-0.009,-0.3,-2.2,-2.4,0.0
378,D'Angelo Russell,PG,26,MIN,19,586,14.6,.540,.487,.196,2.5,8.8,5.8,30.7,2.0,1.7,17.8,21.9,0.3,0.6,0.9,.072,0.4,-0.3,0.0,0.3
379,Matt Ryan,SF,25,LAL,11,127,5.4,.468,.708,.104,1.7,9.6,5.8,4.3,0.7,0.0,5.6,17.7,-0.1,0.1,0.0,-0.006,-4.2,-1.7,-5.9,-0.1
380,Domantas Sabonis,PF,26,SAC,18,583,21.4,.642,.106,.601,8.2,31.8,20.2,27.2,1.1,1.0,15.3,20.6,1.9,0.6,2.5,.205,2.6,1.9,4.5,1.0
Rk,Player,Pos,Age,Tm,G,MP,PER,TS%,3PAr,FTr,ORB%,DRB%,TRB%,AST%,STL%,BLK%,TOV%,USG%,OWS,DWS,WS,WS/48,OBPM,DBPM,BPM,VORP
381,Dario Šarić,PF,28,PHO,8,75,9.6,.378,.385,.154,16.3,22.9,19.5,12.0,2.0,0.0,12.6,18.1,0.0,0.1,0.1,.042,-3.8,-1.4,-5.2,-0.1
382,Jordan Schakel,SF,24,WAS,2,6,25.3,.750,.500,.000,0.0,0.0,0.0,24.8,8.1,0.0,0.0,14.6,0.0,0.0,0.0,.338,7.5,9.7,17.3,0.0
383,Admiral Schofield,PF,25,ORL,9,85,7.0,.481,.593,.000,7.0,8.9,8.0,8.5,0.6,0.0,3.6,14.3,0.1,0.0,0.1,.050,-4.4,-1.5,-5.9,-0.1
384,Dennis Schröder,PG,29,LAL,5,117,12.0,.553,.314,.371,0.9,6.1,3.6,18.7,1.2,0.0,8.9,16.1,0.2,0.1,0.2,.095,-3.1,-0.5,-3.7,0.0
385,Dereon Seabron,SG,22,NOP,2,3,0.0,,,,0.0,0.0,0.0,0.0,0.0,0.0,,0.0,0.0,0.0,0.0,.010,-5.4,-3.2,-8.5,0.0
386,Alperen Şengün,C,20,HOU,16,431,21.7,.615,.103,.448,14.0,22.5,18.2,14.7,1.4,3.9,15.4,22.2,1.0,0.5,1.5,.163,1.2,-0.1,1.1,0.3
387,Collin Sexton,SG,24,UTA,22,508,15.9,.585,.271,.407,3.7,7.4,5.5,17.3,1.4,0.2,11.6,23.5,1.0,0.2,1.2,.109,-0.1,-1.5,-1.6,0.1
388,Landry Shamet,SG,25,PHO,10,161,9.3,.563,.635,.250,1.4,2.8,2.1,9.1,1.5,1.1,13.5,17.7,0.1,0.1,0.2,.056,-2.2,-0.9,-3.1,0.0
389,Day'Ron Sharpe,C,21,BRK,14,111,13.6,.539,.100,.400,12.9,27.2,20.4,11.1,1.3,5.5,18.5,17.4,0.1,0.2,0.2,.101,-4.0,0.5,-3.5,0.0
390,Shaedon Sharpe,SG,19,POR,18,370,10.3,.582,.374,.138,3.8,9.6,6.7,3.4,0.5,1.0,9.7,17.1,0.2,0.2,0.4,.054,-1.8,-1.5,-3.3,-0.1
391,Pascal Siakam,C,28,TOR,9,321,24.3,.565,.228,.413,5.2,25.8,14.7,36.3,1.2,1.6,10.8,28.9,0.9,0.3,1.2,.186,5.4,0.9,6.2,0.7
392,Ben Simmons,PG,26,BRK,15,432,15.5,.639,.011,.347,4.1,20.4,12.7,28.6,2.0,2.4,24.2,15.0,0.6,0.6,1.2,.131,-1.2,1.9,0.6,0.3
393,Marko Simonovic,C,23,CHI,1,2,-19.2,.000,1.000,.000,0.0,0.0,0.0,0.0,0.0,0.0,0.0,21.4,0.0,0.0,0.0,-0.508,-18.8,-13.7,-32.6,0.0
394,Anfernee Simons,SG,23,POR,17,619,17.1,.570,.557,.207,1.1,9.0,5.1,20.1,1.4,0.4,9.5,27.6,1.0,0.4,1.4,.107,2.2,-1.4,0.9,0.4
395,Jericho Sims,C,24,NYK,14,202,19.3,.755,.000,.263,16.5,18.4,17.4,4.2,1.2,6.9,12.4,10.0,0.6,0.2,0.9,.205,0.0,0.7,0.7,0.1
396,Marcus Smart,PG,28,BOS,17,555,12.1,.533,.532,.209,1.0,9.3,5.3,28.9,1.6,0.9,16.1,16.4,0.7,0.5,1.1,.096,-1.4,-0.1,-1.5,0.1
397,Dennis Smith Jr.,PG,25,CHO,15,419,14.3,.503,.224,.090,2.2,10.6,6.2,29.4,3.1,2.1,14.2,16.2,0.2,0.6,0.8,.091,-1.9,2.3,0.3,0.2
398,Dru Smith,SG,25,MIA,2,22,5.1,.333,.333,.000,0.0,21.5,10.4,6.5,4.5,9.1,14.3,14.0,-0.1,0.1,0.0,-0.010,-11.3,5.7,-5.6,0.0
399,Ish Smith,PG,34,DEN,6,36,-1.3,.346,.154,.000,0.0,9.6,4.8,14.3,0.0,5.1,23.5,20.4,-0.2,0.0,-0.1,-0.181,-9.4,-3.2,-12.6,-0.1
400,Jabari Smith Jr.,PF,19,HOU,18,553,9.1,.479,.569,.208,5.1,20.8,13.0,3.7,0.5,3.2,8.3,17.8,0.0,0.4,0.4,.033,-3.0,-1.5,-4.5,-0.3
Rk,Player,Pos,Age,Tm,G,MP,PER,TS%,3PAr,FTr,ORB%,DRB%,TRB%,AST%,STL%,BLK%,TOV%,USG%,OWS,DWS,WS,WS/48,OBPM,DBPM,BPM,VORP
401,Jalen Smith,PF,22,IND,18,427,12.1,.501,.429,.226,8.5,26.2,17.3,6.8,0.6,3.2,11.1,20.1,-0.1,0.5,0.4,.045,-2.5,-1.5,-4.0,-0.2
402,Jeremy Sochan,PF,19,SAS,20,497,9.3,.507,.293,.133,5.5,13.4,9.1,11.0,1.8,1.7,16.3,15.8,-0.2,0.2,0.0,-0.004,-3.8,-1.0,-4.9,-0.4
403,Jaden Springer,PG,20,PHI,2,4,53.6,.644,.000,.667,28.9,28.8,28.8,0.0,0.0,22.9,0.0,43.4,0.0,0.0,0.0,.476,11.3,7.4,18.7,0.0
404,Lamar Stevens,PF,25,CLE,9,194,10.6,.598,.261,.413,4.4,9.4,7.0,2.1,0.5,2.9,8.4,13.5,0.2,0.2,0.4,.111,-1.7,-0.6,-2.3,0.0
405,Isaiah Stewart,C,21,DET,15,405,17.8,.606,.450,.542,11.0,26.9,18.6,7.1,1.0,2.4,9.7,17.1,0.9,0.3,1.2,.143,1.3,-1.0,0.3,0.2
406,Max Strus,SF,26,MIA,18,614,11.7,.565,.659,.112,2.0,11.0,6.3,8.6,1.2,1.0,8.6,19.1,0.3,0.6,0.9,.068,-0.4,-0.6,-1.0,0.2
407,Jalen Suggs,PG,21,ORL,14,405,12.3,.508,.439,.226,4.4,8.3,6.4,28.5,2.6,2.1,21.6,23.2,-0.3,0.4,0.1,.013,-2.2,-0.5,-2.7,-0.1
408,Edmond Sumner,SG,27,BRK,16,259,13.2,.571,.379,.347,2.3,8.3,5.5,11.7,2.8,1.7,16.1,22.5,0.0,0.3,0.2,.046,-2.8,-0.1,-2.9,-0.1
409,Cole Swider,SF,23,LAL,1,2,2.3,.000,1.000,.000,0.0,50.8,26.2,58.8,0.0,0.0,0.0,21.1,0.0,0.0,0.0,-0.247,-5.7,2.0,-3.7,0.0
410,Jae'Sean Tate,SF,27,HOU,3,68,13.4,.574,.250,.200,12.7,7.9,10.3,22.2,2.1,0.0,18.7,16.1,0.1,0.0,0.1,.105,-1.4,0.5,-0.9,0.0
411,Jayson Tatum,PF,24,BOS,19,701,26.2,.625,.451,.431,3.0,20.6,12.0,20.7,1.0,2.7,9.2,32.2,2.4,0.8,3.2,.217,6.4,0.3,6.7,1.5
412,Terry Taylor,SG,23,IND,11,106,8.6,.458,.333,.208,8.3,10.5,9.4,7.3,0.9,3.4,7.1,11.0,0.1,0.1,0.1,.060,-3.1,-0.7,-3.8,0.0
413,Garrett Temple,SG,36,NOP,5,45,14.0,.571,.714,.143,0.0,5.0,2.5,8.7,5.4,2.1,6.3,15.0,0.0,0.1,0.1,.137,-1.5,3.4,1.8,0.0
414,Dalen Terry,SG,20,CHI,9,29,6.3,.425,.300,.400,0.0,7.9,3.9,23.1,1.7,6.3,25.4,23.3,-0.1,0.0,-0.1,-0.095,-4.9,-0.3,-5.2,0.0
415,Cam Thomas,SG,21,BRK,14,227,11.7,.508,.222,.519,0.5,10.4,5.7,16.0,1.7,0.8,10.8,22.0,0.0,0.2,0.2,.032,-3.0,-1.0,-4.0,-0.1
416,Klay Thompson,SG,32,GSW,16,473,11.8,.535,.628,.104,1.7,11.0,6.4,10.9,1.0,1.0,10.0,25.8,-0.2,0.2,0.1,.006,-0.5,-2.5,-2.9,-0.1
417,JT Thor,PF,20,CHO,14,146,6.3,.417,.526,.237,5.7,15.9,10.6,7.3,1.0,3.0,17.7,14.6,-0.2,0.2,-0.1,-0.019,-5.1,-0.5,-5.6,-0.1
418,Matisse Thybulle,SG,25,PHI,16,182,6.1,.356,.645,.097,2.5,10.1,6.3,5.8,3.5,2.5,5.8,8.4,-0.1,0.3,0.2,.046,-5.0,3.1,-2.0,0.0
419,Xavier Tillman Sr.,PF,24,MEM,9,94,10.7,.528,.167,.417,12.3,13.7,13.0,8.6,0.5,2.0,19.8,15.5,0.0,0.1,0.1,.033,-2.9,-1.0,-3.9,0.0
420,Isaiah Todd,PF,21,WAS,3,9,-0.2,.333,.667,.000,0.0,0.0,0.0,0.0,0.0,0.0,0.0,14.6,0.0,0.0,0.0,-0.108,-6.7,-4.0,-10.7,0.0
Rk,Player,Pos,Age,Tm,G,MP,PER,TS%,3PAr,FTr,ORB%,DRB%,TRB%,AST%,STL%,BLK%,TOV%,USG%,OWS,DWS,WS,WS/48,OBPM,DBPM,BPM,VORP
421,Obi Toppin,PF,24,NYK,19,339,13.0,.542,.554,.079,4.0,18.8,11.3,9.1,1.3,1.1,10.0,19.6,0.2,0.3,0.4,.063,-0.1,-0.9,-1.0,0.1
422,Juan Toscano-Anderson,SF,29,LAL,11,125,3.6,.478,.440,.200,0.9,16.2,8.8,5.2,1.1,2.0,22.7,11.9,-0.2,0.1,0.0,-0.018,-7.5,0.5,-7.0,-0.2
423,Karl-Anthony Towns,PF,27,MIN,19,656,20.3,.627,.392,.332,5.9,20.8,13.7,23.9,1.0,1.9,14.7,24.5,1.5,0.8,2.4,.174,2.8,0.8,3.6,0.9
424,Gary Trent Jr.,SG,24,TOR,16,506,13.3,.514,.478,.270,2.3,5.1,3.6,7.7,2.5,0.6,6.6,22.4,0.3,0.4,0.7,.068,-1.0,-0.8,-1.7,0.0
425,P.J. Tucker,PF,37,PHI,19,559,5.4,.557,.500,.065,5.4,12.5,9.0,4.5,1.1,1.1,24.8,6.8,0.0,0.6,0.6,.053,-4.1,0.5,-3.6,-0.2
426,Myles Turner,C,26,IND,13,382,24.1,.702,.315,.510,5.5,26.3,15.9,8.2,1.1,8.6,11.2,21.3,1.2,0.6,1.8,.226,3.2,2.1,5.3,0.7
427,Jonas Valančiūnas,C,30,NOP,19,445,20.6,.624,.150,.358,13.1,30.3,21.6,12.8,0.8,1.3,14.9,22.5,1.0,0.6,1.6,.177,1.6,-0.7,0.9,0.3
428,Jarred Vanderbilt,PF,23,UTA,20,499,15.1,.615,.172,.259,10.3,26.3,18.3,14.7,2.1,1.0,20.3,13.6,0.7,0.6,1.3,.129,-0.8,1.3,0.5,0.3
429,Fred VanVleet,PG,28,TOR,13,490,17.4,.540,.554,.284,1.7,9.4,5.3,26.3,2.4,1.5,8.7,21.5,1.0,0.5,1.5,.144,2.8,0.4,3.1,0.6
430,Devin Vassell,SG,22,SAS,16,515,16.9,.576,.445,.171,0.4,14.5,7.0,17.6,1.2,1.2,8.1,24.7,0.7,0.1,0.8,.073,2.6,-2.0,0.7,0.3
431,Gabe Vincent,PG,26,MIA,16,413,9.6,.517,.576,.180,1.1,8.9,4.9,18.8,1.5,0.5,12.8,18.3,0.0,0.4,0.4,.044,-3.1,-0.3,-3.4,-0.2
432,Noah Vonleh,C,27,BOS,13,131,7.1,.578,.105,.105,14.0,16.7,15.4,3.8,0.7,3.8,33.5,10.1,0.0,0.1,0.2,.062,-5.9,-0.1,-6.0,-0.1
433,Nikola Vučević,C,32,CHI,19,604,17.3,.571,.358,.175,8.6,32.5,20.3,15.0,0.4,2.3,13.7,21.3,0.6,0.8,1.4,.113,1.3,0.2,1.5,0.5
434,Dean Wade,PF,26,CLE,13,305,11.8,.682,.705,.213,2.8,16.5,9.9,5.8,1.1,1.5,5.7,10.3,0.6,0.4,1.0,.157,0.3,1.9,2.3,0.3
435,Franz Wagner,SF,21,ORL,19,643,16.9,.590,.258,.297,3.1,10.9,7.2,20.9,1.1,0.7,13.9,24.7,1.0,0.4,1.3,.100,0.8,-1.1,-0.4,0.3
436,Moritz Wagner,C,25,ORL,1,17,5.7,.394,.750,.250,7.0,25.4,16.6,0.0,2.9,0.0,10.1,25.2,0.0,0.0,0.0,-0.059,-7.4,-3.4,-10.9,0.0
437,Ish Wainright,SF,28,PHO,4,51,16.7,.600,.800,.000,15.2,11.2,13.3,7.7,2.9,3.5,11.8,14.3,0.1,0.1,0.2,.176,1.9,1.7,3.6,0.1
438,Jabari Walker,SF,20,POR,10,76,14.3,.557,.278,.333,7.7,22.5,15.2,17.3,0.7,1.2,8.8,13.0,0.1,0.1,0.2,.138,0.0,0.9,0.9,0.1
439,Lonnie Walker IV,SG,24,LAL,16,514,14.4,.588,.404,.211,1.1,6.1,3.7,9.0,1.5,1.1,7.5,20.6,0.5,0.4,1.0,.091,-0.4,0.0,-0.4,0.2
440,John Wall,PG,32,LAC,16,356,16.9,.520,.331,.356,2.0,11.0,6.8,40.1,2.3,1.0,16.4,28.3,0.0,0.5,0.6,.074,0.1,0.0,0.1,0.2
Rk,Player,Pos,Age,Tm,G,MP,PER,TS%,3PAr,FTr,ORB%,DRB%,TRB%,AST%,STL%,BLK%,TOV%,USG%,OWS,DWS,WS,WS/48,OBPM,DBPM,BPM,VORP
441,Duane Washington Jr.,SG,22,PHO,12,118,6.6,.445,.479,.028,0.0,6.8,3.3,12.9,0.4,0.0,8.9,28.6,-0.3,0.1,-0.2,-0.080,-3.8,-4.1,-7.9,-0.2
442,P.J. Washington,PF,24,CHO,20,643,12.4,.537,.404,.202,3.7,12.6,8.0,9.1,1.0,2.5,10.8,21.5,0.1,0.6,0.7,.054,-1.2,-0.6,-1.8,0.0
443,TyTy Washington Jr.,PG,21,HOU,1,4,5.6,.568,,,0.0,0.0,0.0,0.0,0.0,0.0,0.0,9.0,0.0,0.0,0.0,.031,-4.2,-4.0,-8.2,0.0
444,Yuta Watanabe,SF,28,BRK,14,255,17.7,.781,.609,.130,4.7,13.1,9.1,7.4,0.6,2.4,6.4,13.7,0.8,0.2,0.9,.172,4.1,-1.0,3.1,0.3
445,Lindy Waters III,SG,25,OKC,5,69,9.6,.500,.957,.000,3.0,12.7,7.7,3.7,2.1,0.0,0.0,13.9,0.0,0.1,0.1,.065,-1.9,-1.3,-3.2,0.0
446,Trendon Watford,PF,22,POR,10,158,13.0,.657,.212,.455,4.4,15.9,10.2,14.7,2.2,0.0,20.2,13.7,0.2,0.2,0.4,.123,-1.9,1.6,-0.3,0.1
447,Peyton Watson,SG,20,DEN,6,15,4.5,.333,.111,.000,15.2,7.7,11.5,0.0,0.0,0.0,0.0,25.9,0.0,0.0,0.0,-0.124,-6.8,-7.5,-14.4,0.0
448,Blake Wesley,SG,19,SAS,2,23,20.9,.743,.333,.444,4.6,5.2,4.9,28.3,0.0,0.0,15.7,22.9,0.1,0.0,0.1,.144,3.2,-1.8,1.4,0.0
449,Russell Westbrook,PG,34,LAL,17,481,14.4,.489,.319,.310,4.1,15.0,9.7,39.4,1.8,1.2,19.4,27.9,-0.5,0.6,0.1,.012,-0.9,-0.5,-1.4,0.1
450,Coby White,PG,22,CHI,11,214,10.0,.508,.671,.165,1.0,10.2,5.5,13.2,2.0,0.8,10.6,19.0,-0.1,0.2,0.2,.039,-2.9,-0.1,-2.9,-0.1
451,Derrick White,SG,28,BOS,19,497,15.1,.623,.534,.212,2.1,11.2,6.8,16.2,1.5,2.5,8.1,15.5,1.1,0.5,1.6,.152,1.1,1.2,2.2,0.5
452,Jack White,SF,25,DEN,5,20,1.4,.000,.500,.000,11.4,11.5,11.5,0.0,2.4,9.2,0.0,8.6,-0.1,0.0,0.0,-0.074,-8.6,-0.4,-9.1,0.0
453,Aaron Wiggins,SG,24,OKC,15,310,12.4,.596,.408,.237,4.3,15.5,9.7,10.8,1.4,1.1,11.6,12.8,0.4,0.2,0.7,.101,-0.9,-0.4,-1.3,0.0
454,Andrew Wiggins,SF,27,GSW,18,599,17.8,.609,.453,.139,5.7,13.0,9.4,10.3,2.0,2.3,8.1,21.6,1.0,0.6,1.6,.124,2.0,-0.1,1.9,0.6
455,Grant Williams,PF,24,BOS,18,509,12.6,.709,.626,.243,2.9,14.9,9.0,8.0,1.0,1.5,10.6,11.5,1.0,0.4,1.4,.136,0.1,0.6,0.7,0.3
456,Jalen Williams,SG,21,OKC,16,394,11.9,.579,.310,.190,2.1,10.5,6.2,14.9,1.4,1.1,14.9,17.0,0.3,0.3,0.5,.063,-2.6,-0.8,-3.4,-0.2
457,Jaylin Williams,PF,20,OKC,5,35,13.6,.513,.182,.545,14.6,15.6,15.1,11.4,1.4,0.0,12.8,18.6,0.0,0.0,0.1,.089,-2.7,-1.4,-4.1,0.0
458,Kenrich Williams,PF,28,OKC,18,370,12.8,.564,.340,.106,8.3,11.5,9.8,9.2,1.7,0.9,6.6,11.9,0.6,0.3,0.8,.108,-0.7,-0.5,-1.2,0.1
459,Mark Williams,C,21,CHO,3,13,28.0,.661,.000,.429,31.8,34.1,32.9,0.0,0.0,0.0,19.4,33.1,0.0,0.0,0.1,.188,1.1,-3.2,-2.2,0.0
460,Patrick Williams,PF,21,CHI,19,492,11.9,.610,.401,.169,4.7,12.8,8.7,4.9,1.4,3.7,16.4,15.9,0.2,0.6,0.8,.073,-1.5,0.5,-1.0,0.1
Rk,Player,Pos,Age,Tm,G,MP,PER,TS%,3PAr,FTr,ORB%,DRB%,TRB%,AST%,STL%,BLK%,TOV%,USG%,OWS,DWS,WS,WS/48,OBPM,DBPM,BPM,VORP
461,Vince Williams Jr.,SG,22,MEM,5,26,11.0,.438,.750,.000,4.0,8.3,6.1,10.0,3.7,3.5,0.0,12.7,0.0,0.0,0.1,.103,-3.0,3.4,0.4,0.0
462,Zion Williamson,PF,22,NOP,14,434,23.4,.619,.038,.448,7.2,15.6,11.4,19.5,1.7,0.9,11.8,28.2,1.1,0.5,1.6,.182,3.5,0.1,3.6,0.6
463,Justise Winslow,SF,26,POR,16,440,9.2,.418,.213,.180,6.9,13.2,10.1,18.9,2.0,1.7,13.8,15.2,-0.1,0.5,0.3,.037,-3.6,1.2,-2.4,0.0
464,James Wiseman,C,21,GSW,11,147,15.8,.614,.000,.451,8.5,22.8,15.8,11.0,0.3,2.5,11.6,19.8,0.3,0.1,0.4,.127,-2.2,-0.5,-2.7,0.0
465,Christian Wood,PF,27,DAL,16,402,21.1,.663,.297,.407,6.0,31.0,18.4,7.3,0.9,2.0,16.1,27.4,0.6,0.6,1.2,.138,1.8,-0.5,1.3,0.3
466,Delon Wright,PG,30,WAS,4,91,16.7,.496,.500,.208,4.9,7.0,5.9,19.6,5.9,3.8,13.2,14.6,0.0,0.2,0.3,.133,0.1,6.6,6.7,0.2
467,McKinley Wright IV,PG,24,DAL,1,5,26.2,.250,.250,.000,24.0,24.2,24.1,67.9,10.1,0.0,0.0,36.5,0.0,0.0,0.0,.042,-0.7,7.0,6.3,0.0
468,Thaddeus Young,PF,34,TOR,16,284,17.0,.568,.178,.164,11.8,15.0,13.3,16.0,3.5,0.7,14.2,13.5,0.5,0.4,0.9,.147,0.1,1.8,1.9,0.3
469,Trae Young,PG,24,ATL,18,636,22.3,.544,.327,.386,2.1,6.6,4.3,40.7,1.1,0.4,11.9,35.2,1.2,0.4,1.6,.122,5.8,-2.1,3.7,0.9
470,Ivica Zubac,C,25,LAC,20,611,14.4,.611,.008,.512,11.7,26.9,19.8,6.4,0.6,5.3,21.7,14.5,0.4,1.1,1.6,.122,-2.7,1.4,-1.3,0.1
